batch	datetime_utc	load1m	reps	agg	binary_md5	commit	pr_issue	network	nodes	objective	flags	engine	variant	knee_R	trials_N	seed	operator	operator_cfg	codelength	wall_s	cpu_s	top	levels	derived	notes
perf-refresh-891	2026-07-27T17:16:00Z	33	1	single	5d6ef7945e72470d4ae6651da85d6543	9aa7fea9	PR#891	ninetriangles	27	base		OO	OO		10	123	none		3.38583082	0.04	0.00	3	3	0	full 13x5 same-session refresh at the #891 merge tip
perf-refresh-891	2026-07-27T17:16:00Z	33	1	single	5d6ef7945e72470d4ae6651da85d6543	9aa7fea9	PR#891	jazz	198	base		OO	OO		10	123	none		6.861229775	0.06	0.02	6	2	0	full 13x5 same-session refresh at the #891 merge tip
perf-refresh-891	2026-07-27T17:16:00Z	33	1	single	5d6ef7945e72470d4ae6651da85d6543	9aa7fea9	PR#891	netsci	552	base		OO	OO		10	123	none		4.043215101	0.17	0.12	2	5	0	full 13x5 same-session refresh at the #891 merge tip
perf-refresh-891	2026-07-27T17:16:00Z	33	1	single	5d6ef7945e72470d4ae6651da85d6543	9aa7fea9	PR#891	powergrid	4941	base		OO	OO		10	123	none		4.756483889	1.96	1.89	5	6	0	full 13x5 same-session refresh at the #891 merge tip
perf-refresh-891	2026-07-27T17:16:00Z	33	1	single	5d6ef7945e72470d4ae6651da85d6543	9aa7fea9	PR#891	politicalblogs	1046	base	-d	OO	OO		10	123	none		6.739524814	0.22	0.17	74	3	0	full 13x5 same-session refresh at the #891 merge tip
perf-refresh-891	2026-07-27T17:16:00Z	33	1	single	5d6ef7945e72470d4ae6651da85d6543	9aa7fea9	PR#891	science2001	7170	base	-d	OO	OO		10	123	none		7.834280583	9.19	9.02	12	4	0	full 13x5 same-session refresh at the #891 merge tip
perf-refresh-891	2026-07-27T17:16:00Z	33	1	single	5d6ef7945e72470d4ae6651da85d6543	9aa7fea9	PR#891	web-NotreDame	325729	base	-d	OO	OO		10	123	none		5.56604138	171.59	167.96	19	13	0	full 13x5 same-session refresh at the #891 merge tip
perf-refresh-891	2026-07-27T17:16:00Z	33	1	single	5d6ef7945e72470d4ae6651da85d6543	9aa7fea9	PR#891	lazega	69	metadata	--meta-data networks/meta/lazega.meta	OO	OO		10	123	none		6.017860269	0.05	0.01	7	2	0	full 13x5 same-session refresh at the #891 merge tip
perf-refresh-891	2026-07-27T17:16:00Z	33	1	single	5d6ef7945e72470d4ae6651da85d6543	9aa7fea9	PR#891	multilayer	5	multilayer		OO	OO		10	123	none		2.011405238	0.04	0.00	2	2	0	full 13x5 same-session refresh at the #891 merge tip
perf-refresh-891	2026-07-27T17:16:00Z	33	1	single	5d6ef7945e72470d4ae6651da85d6543	9aa7fea9	PR#891	malaria	307	multilayer		OO	OO		10	123	none		7.503378959	10.81	10.69	145	3	0	full 13x5 same-session refresh at the #891 merge tip
perf-refresh-891	2026-07-27T17:16:00Z	33	1	single	5d6ef7945e72470d4ae6651da85d6543	9aa7fea9	PR#891	air30k	13213	state-memory		OO	OO		10	123	none		5.393955343	12.72	12.56	18	4	0	full 13x5 same-session refresh at the #891 merge tip
perf-refresh-891	2026-07-27T17:16:00Z	33	1	single	5d6ef7945e72470d4ae6651da85d6543	9aa7fea9	PR#891	air30k-reg	13213	state-memory	-d --regularized	OO	OO		10	123	none		5.575652802	8.88	8.77	301	3	0	full 13x5 same-session refresh at the #891 merge tip
perf-refresh-891	2026-07-27T17:16:00Z	33	1	single	5d6ef7945e72470d4ae6651da85d6543	9aa7fea9	PR#891	science2001-pref25	7170	base-biased	-d --preferred-number-of-modules 25	OO	OO		10	123	none		7.928000301	8.63	8.52	25	4	0	full 13x5 same-session refresh at the #891 merge tip
perf-refresh-891	2026-07-27T17:16:00Z	33	1	single	5d6ef7945e72470d4ae6651da85d6543	9aa7fea9	PR#891	ninetriangles	27	base		columnar	C	5e-3	10	123	none		3.38583082	0.04	0.00	3	3	0	full 13x5 same-session refresh at the #891 merge tip
perf-refresh-891	2026-07-27T17:16:00Z	33	1	single	5d6ef7945e72470d4ae6651da85d6543	9aa7fea9	PR#891	jazz	198	base		columnar	C	5e-3	10	123	none		6.861229775	0.05	0.01	6	2	0	full 13x5 same-session refresh at the #891 merge tip
perf-refresh-891	2026-07-27T17:16:00Z	33	1	single	5d6ef7945e72470d4ae6651da85d6543	9aa7fea9	PR#891	netsci	552	base		columnar	C	5e-3	10	123	none		4.051867517	0.07	0.02	3	4	0	full 13x5 same-session refresh at the #891 merge tip
perf-refresh-891	2026-07-27T17:16:00Z	33	1	single	5d6ef7945e72470d4ae6651da85d6543	9aa7fea9	PR#891	powergrid	4941	base		columnar	C	5e-3	10	123	none		4.749076238	0.33	0.27	5	5	0	full 13x5 same-session refresh at the #891 merge tip
perf-refresh-891	2026-07-27T17:16:00Z	33	1	single	5d6ef7945e72470d4ae6651da85d6543	9aa7fea9	PR#891	politicalblogs	1046	base	-d	columnar	C	5e-3	10	123	none		6.74058207	0.11	0.07	78	2	0	full 13x5 same-session refresh at the #891 merge tip
perf-refresh-891	2026-07-27T17:16:00Z	33	1	single	5d6ef7945e72470d4ae6651da85d6543	9aa7fea9	PR#891	science2001	7170	base	-d	columnar	C	5e-3	10	123	none		7.833436601	3.33	3.22	15	3	0	full 13x5 same-session refresh at the #891 merge tip
perf-refresh-891	2026-07-27T17:16:00Z	33	1	single	5d6ef7945e72470d4ae6651da85d6543	9aa7fea9	PR#891	web-NotreDame	325729	base	-d	columnar	C	5e-3	10	123	none		5.572794236	21.36	21.07	4	6	0	full 13x5 same-session refresh at the #891 merge tip
perf-refresh-891	2026-07-27T17:16:00Z	33	1	single	5d6ef7945e72470d4ae6651da85d6543	9aa7fea9	PR#891	lazega	69	metadata	--meta-data networks/meta/lazega.meta	columnar	C	5e-3	10	123	none		6.017860269	0.05	0.00	7	2	0	full 13x5 same-session refresh at the #891 merge tip
perf-refresh-891	2026-07-27T17:16:00Z	33	1	single	5d6ef7945e72470d4ae6651da85d6543	9aa7fea9	PR#891	multilayer	5	multilayer		columnar	C	5e-3	10	123	none		2.011405238	0.04	0.00	2	2	0	full 13x5 same-session refresh at the #891 merge tip
perf-refresh-891	2026-07-27T17:16:00Z	33	1	single	5d6ef7945e72470d4ae6651da85d6543	9aa7fea9	PR#891	malaria	307	multilayer		columnar	C	5e-3	10	123	none		7.422254572	3.40	3.34	163	2	0	full 13x5 same-session refresh at the #891 merge tip
perf-refresh-891	2026-07-27T17:16:00Z	33	1	single	5d6ef7945e72470d4ae6651da85d6543	9aa7fea9	PR#891	air30k	13213	state-memory		columnar	C	5e-3	10	123	none		5.393664418	4.01	3.92	20	3	0	full 13x5 same-session refresh at the #891 merge tip
perf-refresh-891	2026-07-27T17:16:00Z	33	1	single	5d6ef7945e72470d4ae6651da85d6543	9aa7fea9	PR#891	air30k-reg	13213	state-memory	-d --regularized	columnar	C	5e-3	10	123	none		5.576024192	4.22	4.15	11	3	0	full 13x5 same-session refresh at the #891 merge tip
perf-refresh-891	2026-07-27T17:16:00Z	33	1	single	5d6ef7945e72470d4ae6651da85d6543	9aa7fea9	PR#891	science2001-pref25	7170	base-biased	-d --preferred-number-of-modules 25	columnar	C	5e-3	10	123	none		8.238350558	3.52	3.42	25	2	0	full 13x5 same-session refresh at the #891 merge tip
perf-refresh-891	2026-07-27T17:16:00Z	33	1	single	5d6ef7945e72470d4ae6651da85d6543	9aa7fea9	PR#891	ninetriangles	27	base		columnar	CF	5e-3	10	123	none		3.38583082	0.04	0.00	3	3	0	full 13x5 same-session refresh at the #891 merge tip
perf-refresh-891	2026-07-27T17:16:00Z	33	1	single	5d6ef7945e72470d4ae6651da85d6543	9aa7fea9	PR#891	jazz	198	base		columnar	CF	5e-3	10	123	none		6.861229775	0.05	0.01	6	2	0	full 13x5 same-session refresh at the #891 merge tip
perf-refresh-891	2026-07-27T17:16:00Z	33	1	single	5d6ef7945e72470d4ae6651da85d6543	9aa7fea9	PR#891	netsci	552	base		columnar	CF	5e-3	10	123	none		4.064283778	0.05	0.01	3	4	0	full 13x5 same-session refresh at the #891 merge tip
perf-refresh-891	2026-07-27T17:16:00Z	33	1	single	5d6ef7945e72470d4ae6651da85d6543	9aa7fea9	PR#891	powergrid	4941	base		columnar	CF	5e-3	10	123	none		4.772176996	0.21	0.16	5	5	0	full 13x5 same-session refresh at the #891 merge tip
perf-refresh-891	2026-07-27T17:16:00Z	33	1	single	5d6ef7945e72470d4ae6651da85d6543	9aa7fea9	PR#891	politicalblogs	1046	base	-d	columnar	CF	5e-3	10	123	none		6.74058207	0.10	0.06	78	2	0	full 13x5 same-session refresh at the #891 merge tip
perf-refresh-891	2026-07-27T17:16:00Z	33	1	single	5d6ef7945e72470d4ae6651da85d6543	9aa7fea9	PR#891	science2001	7170	base	-d	columnar	CF	5e-3	10	123	none		7.833436601	3.13	3.06	15	3	0	full 13x5 same-session refresh at the #891 merge tip
perf-refresh-891	2026-07-27T17:16:00Z	33	1	single	5d6ef7945e72470d4ae6651da85d6543	9aa7fea9	PR#891	web-NotreDame	325729	base	-d	columnar	CF	5e-3	10	123	none		5.624483179	15.78	15.56	2	5	0	full 13x5 same-session refresh at the #891 merge tip
perf-refresh-891	2026-07-27T17:16:00Z	33	1	single	5d6ef7945e72470d4ae6651da85d6543	9aa7fea9	PR#891	lazega	69	metadata	--meta-data networks/meta/lazega.meta	columnar	CF	5e-3	10	123	none		6.017860269	0.04	0.00	7	2	0	full 13x5 same-session refresh at the #891 merge tip
perf-refresh-891	2026-07-27T17:16:00Z	33	1	single	5d6ef7945e72470d4ae6651da85d6543	9aa7fea9	PR#891	multilayer	5	multilayer		columnar	CF	5e-3	10	123	none		2.011405238	0.04	0.00	2	2	0	full 13x5 same-session refresh at the #891 merge tip
perf-refresh-891	2026-07-27T17:16:00Z	33	1	single	5d6ef7945e72470d4ae6651da85d6543	9aa7fea9	PR#891	malaria	307	multilayer		columnar	CF	5e-3	10	123	none		7.422254572	3.33	3.25	163	2	0	full 13x5 same-session refresh at the #891 merge tip
perf-refresh-891	2026-07-27T17:16:00Z	33	1	single	5d6ef7945e72470d4ae6651da85d6543	9aa7fea9	PR#891	air30k	13213	state-memory		columnar	CF	5e-3	10	123	none		5.393664418	3.77	3.69	20	3	0	full 13x5 same-session refresh at the #891 merge tip
perf-refresh-891	2026-07-27T17:16:00Z	33	1	single	5d6ef7945e72470d4ae6651da85d6543	9aa7fea9	PR#891	air30k-reg	13213	state-memory	-d --regularized	columnar	CF	5e-3	10	123	none		5.576024192	3.82	3.73	11	3	0	full 13x5 same-session refresh at the #891 merge tip
perf-refresh-891	2026-07-27T17:16:00Z	33	1	single	5d6ef7945e72470d4ae6651da85d6543	9aa7fea9	PR#891	science2001-pref25	7170	base-biased	-d --preferred-number-of-modules 25	columnar	CF	5e-3	10	123	none		8.238350558	3.38	3.31	25	2	0	full 13x5 same-session refresh at the #891 merge tip
perf-refresh-891	2026-07-27T17:16:00Z	33	1	single	5d6ef7945e72470d4ae6651da85d6543	9aa7fea9	PR#891	ninetriangles	27	base		OO	OO2		10	123	none		3.517754809	0.04	0.00	9	2	0	full 13x5 same-session refresh at the #891 merge tip
perf-refresh-891	2026-07-27T17:16:00Z	33	1	single	5d6ef7945e72470d4ae6651da85d6543	9aa7fea9	PR#891	jazz	198	base		OO	OO2		10	123	none		6.861229775	0.05	0.01	6	2	0	full 13x5 same-session refresh at the #891 merge tip
perf-refresh-891	2026-07-27T17:16:00Z	33	1	single	5d6ef7945e72470d4ae6651da85d6543	9aa7fea9	PR#891	netsci	552	base		OO	OO2		10	123	none		4.286115842	0.06	0.02	56	2	0	full 13x5 same-session refresh at the #891 merge tip
perf-refresh-891	2026-07-27T17:16:00Z	33	1	single	5d6ef7945e72470d4ae6651da85d6543	9aa7fea9	PR#891	powergrid	4941	base		OO	OO2		10	123	none		5.598312358	0.60	0.56	420	2	0	full 13x5 same-session refresh at the #891 merge tip
perf-refresh-891	2026-07-27T17:16:00Z	33	1	single	5d6ef7945e72470d4ae6651da85d6543	9aa7fea9	PR#891	politicalblogs	1046	base	-d	OO	OO2		10	123	none		6.740318249	0.13	0.09	74	2	0	full 13x5 same-session refresh at the #891 merge tip
perf-refresh-891	2026-07-27T17:16:00Z	33	1	single	5d6ef7945e72470d4ae6651da85d6543	9aa7fea9	PR#891	science2001	7170	base	-d	OO	OO2		10	123	none		7.94913415	4.45	4.38	496	2	0	full 13x5 same-session refresh at the #891 merge tip
perf-refresh-891	2026-07-27T17:16:00Z	33	1	single	5d6ef7945e72470d4ae6651da85d6543	9aa7fea9	PR#891	web-NotreDame	325729	base	-d	OO	OO2		10	123	none		6.743679	48.98	47.60	11831	2	0	full 13x5 same-session refresh at the #891 merge tip
perf-refresh-891	2026-07-27T17:16:00Z	33	1	single	5d6ef7945e72470d4ae6651da85d6543	9aa7fea9	PR#891	lazega	69	metadata	--meta-data networks/meta/lazega.meta	OO	OO2		10	123	none		6.017860269	0.05	0.01	7	2	0	full 13x5 same-session refresh at the #891 merge tip
perf-refresh-891	2026-07-27T17:16:00Z	33	1	single	5d6ef7945e72470d4ae6651da85d6543	9aa7fea9	PR#891	multilayer	5	multilayer		OO	OO2		10	123	none		2.011405238	0.04	0.00	2	2	0	full 13x5 same-session refresh at the #891 merge tip
perf-refresh-891	2026-07-27T17:16:00Z	33	1	single	5d6ef7945e72470d4ae6651da85d6543	9aa7fea9	PR#891	malaria	307	multilayer		OO	OO2		10	123	none		7.506531242	8.07	7.94	145	2	0	full 13x5 same-session refresh at the #891 merge tip
perf-refresh-891	2026-07-27T17:16:00Z	33	1	single	5d6ef7945e72470d4ae6651da85d6543	9aa7fea9	PR#891	air30k	13213	state-memory		OO	OO2		10	123	none		5.393769623	4.41	4.33	332	2	0	full 13x5 same-session refresh at the #891 merge tip
perf-refresh-891	2026-07-27T17:16:00Z	33	1	single	5d6ef7945e72470d4ae6651da85d6543	9aa7fea9	PR#891	air30k-reg	13213	state-memory	-d --regularized	OO	OO2		10	123	none		5.576434058	6.65	6.56	301	2	0	full 13x5 same-session refresh at the #891 merge tip
perf-refresh-891	2026-07-27T17:16:00Z	33	1	single	5d6ef7945e72470d4ae6651da85d6543	9aa7fea9	PR#891	science2001-pref25	7170	base-biased	-d --preferred-number-of-modules 25	OO	OO2		10	123	none		8.131241304	6.10	6.01	25	2	0	full 13x5 same-session refresh at the #891 merge tip
perf-refresh-891	2026-07-27T17:16:00Z	33	1	single	5d6ef7945e72470d4ae6651da85d6543	9aa7fea9	PR#891	ninetriangles	27	base		columnar	2C		10	123	none		3.517754809	0.04	0.00	9	2	0	full 13x5 same-session refresh at the #891 merge tip
perf-refresh-891	2026-07-27T17:16:00Z	33	1	single	5d6ef7945e72470d4ae6651da85d6543	9aa7fea9	PR#891	jazz	198	base		columnar	2C		10	123	none		6.861229775	0.04	0.01	6	2	0	full 13x5 same-session refresh at the #891 merge tip
perf-refresh-891	2026-07-27T17:16:00Z	33	1	single	5d6ef7945e72470d4ae6651da85d6543	9aa7fea9	PR#891	netsci	552	base		columnar	2C		10	123	none		4.282287365	0.05	0.01	57	2	0	full 13x5 same-session refresh at the #891 merge tip
perf-refresh-891	2026-07-27T17:16:00Z	33	1	single	5d6ef7945e72470d4ae6651da85d6543	9aa7fea9	PR#891	powergrid	4941	base		columnar	2C		10	123	none		5.633955759	0.15	0.10	426	2	0	full 13x5 same-session refresh at the #891 merge tip
perf-refresh-891	2026-07-27T17:16:00Z	33	1	single	5d6ef7945e72470d4ae6651da85d6543	9aa7fea9	PR#891	politicalblogs	1046	base	-d	columnar	2C		10	123	none		6.739186079	0.09	0.05	81	2	0	full 13x5 same-session refresh at the #891 merge tip
perf-refresh-891	2026-07-27T17:16:00Z	33	1	single	5d6ef7945e72470d4ae6651da85d6543	9aa7fea9	PR#891	science2001	7170	base	-d	columnar	2C		10	123	none		7.949470874	2.47	2.40	508	2	0	full 13x5 same-session refresh at the #891 merge tip
perf-refresh-891	2026-07-27T17:16:00Z	33	1	single	5d6ef7945e72470d4ae6651da85d6543	9aa7fea9	PR#891	web-NotreDame	325729	base	-d	columnar	2C		10	123	none		6.75083498	20.69	20.30	11687	2	0	full 13x5 same-session refresh at the #891 merge tip
perf-refresh-891	2026-07-27T17:16:00Z	33	1	single	5d6ef7945e72470d4ae6651da85d6543	9aa7fea9	PR#891	lazega	69	metadata	--meta-data networks/meta/lazega.meta	columnar	2C		10	123	none		6.017860269	0.04	0.00	7	2	0	full 13x5 same-session refresh at the #891 merge tip
perf-refresh-891	2026-07-27T17:16:00Z	33	1	single	5d6ef7945e72470d4ae6651da85d6543	9aa7fea9	PR#891	multilayer	5	multilayer		columnar	2C		10	123	none		2.011405238	0.04	0.00	2	2	0	full 13x5 same-session refresh at the #891 merge tip
perf-refresh-891	2026-07-27T17:16:00Z	33	1	single	5d6ef7945e72470d4ae6651da85d6543	9aa7fea9	PR#891	malaria	307	multilayer		columnar	2C		10	123	none		7.422254572	2.78	2.72	163	2	0	full 13x5 same-session refresh at the #891 merge tip
perf-refresh-891	2026-07-27T17:16:00Z	33	1	single	5d6ef7945e72470d4ae6651da85d6543	9aa7fea9	PR#891	air30k	13213	state-memory		columnar	2C		10	123	none		5.392623377	3.91	3.81	336	2	0	full 13x5 same-session refresh at the #891 merge tip
perf-refresh-891	2026-07-27T17:16:00Z	33	1	single	5d6ef7945e72470d4ae6651da85d6543	9aa7fea9	PR#891	air30k-reg	13213	state-memory	-d --regularized	columnar	2C		10	123	none		5.575408572	3.86	3.75	303	2	0	full 13x5 same-session refresh at the #891 merge tip
perf-refresh-891	2026-07-27T17:16:00Z	33	1	single	5d6ef7945e72470d4ae6651da85d6543	9aa7fea9	PR#891	science2001-pref25	7170	base-biased	-d --preferred-number-of-modules 25	columnar	2C		10	123	none		8.23577532	3.14	3.06	25	2	0	full 13x5 same-session refresh at the #891 merge tip
hsplit	2026-07-28T13:00:00Z	40	3	min		9aa7fea9	#889 hierarchical split	powergrid	4941	base		columnar	C	5e-3	10	123	none	-	4.749076238		0.28			0	
hsplit	2026-07-28T13:00:00Z	40	3	min		9aa7fea9	#889 hierarchical split	powergrid	4941	base		columnar	C	5e-3	10	123	hsplit	auto+winner	4.749076238		0.30			0	accepted/attempted 0/23; levels 5>5
hsplit	2026-07-28T13:00:00Z	40	3	min		9aa7fea9	#889 hierarchical split	science2001	7170	base	-d	columnar	C	5e-3	10	123	none	-	7.833436601		3.41			0	
hsplit	2026-07-28T13:00:00Z	40	3	min		9aa7fea9	#889 hierarchical split	science2001	7170	base	-d	columnar	C	5e-3	10	123	hsplit	auto+winner	7.833339072		3.74			0	accepted/attempted 13/38; levels 3>3
hsplit	2026-07-28T13:00:00Z	40	3	min		9aa7fea9	#889 hierarchical split	web-NotreDame	325729	base	-d	columnar	C	5e-3	10	123	none	-	5.572794236		23.19			0	
hsplit	2026-07-28T13:00:00Z	40	3	min		9aa7fea9	#889 hierarchical split	web-NotreDame	325729	base	-d	columnar	C	5e-3	10	123	hsplit	auto+winner	5.572610218		24.16			0	accepted/attempted 10/70; levels 6>6
hsplit	2026-07-28T13:00:00Z	40	3	min		9aa7fea9	#889 hierarchical split	air30k	13213	state-memory		columnar	C	5e-3	10	123	none	-	5.393664418		4.52			0	
hsplit	2026-07-28T13:00:00Z	40	3	min		9aa7fea9	#889 hierarchical split	air30k	13213	state-memory		columnar	C	5e-3	10	123	hsplit	auto+winner	5.391903126		5.72			0	accepted/attempted 42/79; levels 3>3
hsplit	2026-07-28T13:00:00Z	40	3	min		9aa7fea9	#889 hierarchical split	air30k-reg	13213	state-memory	-d --regularized	columnar	C	5e-3	10	123	none	-	5.576024192		4.09			0	
hsplit	2026-07-28T13:00:00Z	40	3	min		9aa7fea9	#889 hierarchical split	air30k-reg	13213	state-memory	-d --regularized	columnar	C	5e-3	10	123	hsplit	auto+winner	5.575002740		5.13			0	accepted/attempted 27/57; levels 3>3
hsplit	2026-07-28T13:00:00Z	40	3	min		9aa7fea9	#889 hierarchical split	malaria	307	multilayer		columnar	C	5e-3	10	123	none	-	7.422254572		3.70			0	
hsplit	2026-07-28T13:00:00Z	40	3	min		9aa7fea9	#889 hierarchical split	malaria	307	multilayer		columnar	C	5e-3	10	123	hsplit	auto+winner	7.400465990		3.76			0	accepted/attempted 9/21; levels 2>3
hsplit	2026-07-28T13:00:00Z	40	3	min		9aa7fea9	#889 hierarchical split	science2001-pref25	7170	base-biased	-d --preferred-number-of-modules 25	columnar	C	5e-3	10	123	none	-	8.238350558		3.43			0	
hsplit	2026-07-28T13:00:00Z	40	3	min		9aa7fea9	#889 hierarchical split	science2001-pref25	7170	base-biased	-d --preferred-number-of-modules 25	columnar	C	5e-3	10	123	hsplit	auto+winner	8.238350558		3.38			0	accepted/attempted 1/1; levels 2>2
freemove-verify	2026-07-28T12:30:00Z	45	5	min		9aa7fea9	idea E	powergrid	4941	base		columnar	C	5e-3	10	123	none	-	4.749076238		0.32			0	adversarially verified; webND -C excluded (paired-mean +3.0%, min-of-13 +6.3%)
freemove-verify	2026-07-28T12:30:00Z	45	5	min		9aa7fea9	idea E	powergrid	4941	base		columnar	C	5e-3	10	123	freemove	interior k>=1	4.745919949		0.31			0	adversarially verified; webND -C excluded (paired-mean +3.0%, min-of-13 +6.3%)
freemove-verify	2026-07-28T12:30:00Z	45	5	min		9aa7fea9	idea E	powergrid	4941	base		columnar	CF	5e-3	10	123	none	-	4.772176996		0.18			0	adversarially verified; webND -C excluded (paired-mean +3.0%, min-of-13 +6.3%)
freemove-verify	2026-07-28T12:30:00Z	45	5	min		9aa7fea9	idea E	powergrid	4941	base		columnar	CF	5e-3	10	123	freemove	interior k>=1	4.768567938		0.21			0	adversarially verified; webND -C excluded (paired-mean +3.0%, min-of-13 +6.3%)
freemove-verify	2026-07-28T12:30:00Z	45	5	min		9aa7fea9	idea E	science2001	7170	base	-d	columnar	C	5e-3	10	123	none	-	7.833436601		3.67			0	adversarially verified; webND -C excluded (paired-mean +3.0%, min-of-13 +6.3%)
freemove-verify	2026-07-28T12:30:00Z	45	5	min		9aa7fea9	idea E	science2001	7170	base	-d	columnar	C	5e-3	10	123	freemove	interior k>=1	7.833436601		3.65			0	adversarially verified; webND -C excluded (paired-mean +3.0%, min-of-13 +6.3%)
freemove-verify	2026-07-28T12:30:00Z	45	5	min		9aa7fea9	idea E	air30k	13213	state-memory		columnar	C	5e-3	10	123	none	-	5.393664418		4.97			0	adversarially verified; webND -C excluded (paired-mean +3.0%, min-of-13 +6.3%)
freemove-verify	2026-07-28T12:30:00Z	45	5	min		9aa7fea9	idea E	air30k	13213	state-memory		columnar	C	5e-3	10	123	freemove	interior k>=1	5.393664418		4.95			0	adversarially verified; webND -C excluded (paired-mean +3.0%, min-of-13 +6.3%)
freemove-verify	2026-07-28T12:30:00Z	45	5	min		9aa7fea9	idea E	air30k	13213	state-memory		columnar	CF	5e-3	10	123	none	-	5.393664418		4.88			0	adversarially verified; webND -C excluded (paired-mean +3.0%, min-of-13 +6.3%)
freemove-verify	2026-07-28T12:30:00Z	45	5	min		9aa7fea9	idea E	air30k	13213	state-memory		columnar	CF	5e-3	10	123	freemove	interior k>=1	5.393664418		4.75			0	adversarially verified; webND -C excluded (paired-mean +3.0%, min-of-13 +6.3%)
freemove-verify	2026-07-28T12:30:00Z	45	5	min		9aa7fea9	idea E	malaria	307	multilayer		columnar	C	5e-3	10	123	none	-	7.422254572		4.42			0	adversarially verified; webND -C excluded (paired-mean +3.0%, min-of-13 +6.3%)
freemove-verify	2026-07-28T12:30:00Z	45	5	min		9aa7fea9	idea E	malaria	307	multilayer		columnar	C	5e-3	10	123	freemove	interior k>=1	7.422254572		4.51			0	adversarially verified; webND -C excluded (paired-mean +3.0%, min-of-13 +6.3%)
partseed-curve	2026-07-28T15:00:00Z	45	3	min		9aa7fea9	partial seeding	web-NotreDame	325729	base	-d	columnar	C	5e-3	10	123	partseed	rand P=0 k0	5.623562391		17.85			1	reconstructed from reported dCL +0.911% / dCPU -20.5%
partseed-curve	2026-07-28T15:00:00Z	45	3	min		9aa7fea9	partial seeding	web-NotreDame	325729	base	-d	columnar	C	5e-3	10	123	partseed	rand P=0.05 k0	5.612806899		19.33			1	reconstructed from reported dCL +0.718% / dCPU -13.9%
partseed-curve	2026-07-28T15:00:00Z	45	3	min		9aa7fea9	partial seeding	web-NotreDame	325729	base	-d	columnar	C	5e-3	10	123	partseed	rand P=0.1 k0	5.607011193		19.96			1	reconstructed from reported dCL +0.614% / dCPU -11.1%
partseed-curve	2026-07-28T15:00:00Z	45	3	min		9aa7fea9	partial seeding	web-NotreDame	325729	base	-d	columnar	C	5e-3	10	123	partseed	rand P=0.2 k0	5.598317634		21.08			1	reconstructed from reported dCL +0.458% / dCPU -6.1%
partseed-curve	2026-07-28T15:00:00Z	45	3	min		9aa7fea9	partial seeding	web-NotreDame	325729	base	-d	columnar	C	5e-3	10	123	partseed	rand P=0.35 k0	5.586224670		20.20			1	reconstructed from reported dCL +0.241% / dCPU -10.0%
partseed-curve	2026-07-28T15:00:00Z	45	3	min		9aa7fea9	partial seeding	web-NotreDame	325729	base	-d	columnar	C	5e-3	10	123	partseed	rand P=0.5 k0	5.580540420		23.28			1	reconstructed from reported dCL +0.139% / dCPU +3.7%
partseed-curve	2026-07-28T15:00:00Z	45	3	min		9aa7fea9	partial seeding	web-NotreDame	325729	base	-d	columnar	C	5e-3	10	123	partseed	rand P=0.75 k0	5.570899486		24.00			1	reconstructed from reported dCL -0.034% / dCPU +6.9%
partseed-curve	2026-07-28T15:00:00Z	45	3	min		9aa7fea9	partial seeding	web-NotreDame	325729	base	-d	columnar	C	5e-3	10	123	partseed	rand P=1.0 k0	5.572794236		22.70			1	reconstructed from reported dCL +0.000% / dCPU +1.1%
partseed-curve	2026-07-28T15:00:00Z	45	3	min		9aa7fea9	partial seeding	web-NotreDame	325729	base	-d	columnar	C	5e-3	10	123	partseed	bnd P=0 k0	5.623562391		17.85			1	reconstructed from reported dCL +0.911% / dCPU -20.5%
partseed-curve	2026-07-28T15:00:00Z	45	3	min		9aa7fea9	partial seeding	web-NotreDame	325729	base	-d	columnar	C	5e-3	10	123	partseed	bnd P=0.05 k0	5.607568472		22.29			1	reconstructed from reported dCL +0.624% / dCPU -0.7%
partseed-curve	2026-07-28T15:00:00Z	45	3	min		9aa7fea9	partial seeding	web-NotreDame	325729	base	-d	columnar	C	5e-3	10	123	partseed	bnd P=0.1 k0	5.598763457		20.20			1	reconstructed from reported dCL +0.466% / dCPU -10.0%
partseed-curve	2026-07-28T15:00:00Z	45	3	min		9aa7fea9	partial seeding	web-NotreDame	325729	base	-d	columnar	C	5e-3	10	123	partseed	bnd P=0.2 k0	5.588843883		21.17			1	reconstructed from reported dCL +0.288% / dCPU -5.7%
partseed-curve	2026-07-28T15:00:00Z	45	3	min		9aa7fea9	partial seeding	web-NotreDame	325729	base	-d	columnar	C	5e-3	10	123	partseed	bnd P=0.35 k0	5.579035766		22.88			1	reconstructed from reported dCL +0.112% / dCPU +1.9%
partseed-curve	2026-07-28T15:00:00Z	45	3	min		9aa7fea9	partial seeding	web-NotreDame	325729	base	-d	columnar	C	5e-3	10	123	partseed	bnd P=0.5 k0	5.569729199		23.55			1	reconstructed from reported dCL -0.055% / dCPU +4.9%
partseed-curve	2026-07-28T15:00:00Z	45	3	min		9aa7fea9	partial seeding	web-NotreDame	325729	base	-d	columnar	C	5e-3	10	123	partseed	bnd P=0.75 k0	5.569617743		23.55			1	reconstructed from reported dCL -0.057% / dCPU +4.9%
partseed-curve	2026-07-28T15:00:00Z	45	3	min		9aa7fea9	partial seeding	web-NotreDame	325729	base	-d	columnar	C	5e-3	10	123	partseed	bnd P=1.0 k0	5.572794236		22.70			1	reconstructed from reported dCL +0.000% / dCPU +1.1%
partseed-best	2026-07-28T15:10:00Z	45	3	min		9aa7fea9	partial seeding	web-NotreDame	325729	base	-d	columnar	C	5e-3	10	123	partseed	bnd P=0.5 k0	5.568447456					1	dCL -0.078% vs same-seed baseline; batch dCPU -2%
partseed-best	2026-07-28T15:10:00Z	45	3	min		9aa7fea9	partial seeding	web-NotreDame	325729	base	-d	columnar	C	5e-3	10	234	partseed	bnd P=0.5 k0	5.572181229					1	dCL -0.011% vs same-seed baseline; batch dCPU -2%
partseed-best	2026-07-28T15:10:00Z	45	3	min		9aa7fea9	partial seeding	web-NotreDame	325729	base	-d	columnar	C	5e-3	10	345	partseed	bnd P=0.5 k0	5.569506287					1	dCL -0.059% vs same-seed baseline; batch dCPU -2%
partseed-best	2026-07-28T15:10:00Z	45	3	min		9aa7fea9	partial seeding	web-NotreDame	325729	base	-d	columnar	C	5e-3	10	456	partseed	bnd P=0.5 k0	5.568224545					1	dCL -0.082% vs same-seed baseline; batch dCPU -2%
partseed-best	2026-07-28T15:10:00Z	45	3	min		9aa7fea9	partial seeding	web-NotreDame	325729	base	-d	columnar	C	5e-3	10	567	partseed	bnd P=0.5 k0	5.568113089					1	dCL -0.084% vs same-seed baseline; batch dCPU -2%
partseed-best	2026-07-28T15:10:00Z	45	3	min		9aa7fea9	partial seeding	powergrid	4941	base		columnar	C	5e-3	10	123	partseed	bnd P=0.5 k0	4.743092402					1	dCL -0.126% vs same-seed baseline; batch dCPU +0%
partseed-best	2026-07-28T15:10:00Z	45	3	min		9aa7fea9	partial seeding	powergrid	4941	base		columnar	C	5e-3	10	234	partseed	bnd P=0.5 k0	4.746369265					1	dCL -0.057% vs same-seed baseline; batch dCPU +0%
partseed-best	2026-07-28T15:10:00Z	45	3	min		9aa7fea9	partial seeding	powergrid	4941	base		columnar	C	5e-3	10	345	partseed	bnd P=0.5 k0	4.747034135					1	dCL -0.043% vs same-seed baseline; batch dCPU +0%
partseed-best	2026-07-28T15:10:00Z	45	3	min		9aa7fea9	partial seeding	malaria	307	multilayer		columnar	C	5e-3	10	123	partseed	bnd P=0.5 k0	7.438212419					1	dCL +0.215% vs same-seed baseline; batch dCPU -11%
partseed-best	2026-07-28T15:10:00Z	45	3	min		9aa7fea9	partial seeding	malaria	307	multilayer		columnar	C	5e-3	10	234	partseed	bnd P=0.5 k0	7.404218493					1	dCL -0.243% vs same-seed baseline; batch dCPU -11%
partseed-best	2026-07-28T15:10:00Z	45	3	min		9aa7fea9	partial seeding	malaria	307	multilayer		columnar	C	5e-3	10	345	partseed	bnd P=0.5 k0	7.422254572					1	dCL +0.000% vs same-seed baseline; batch dCPU -11%
partseed-best	2026-07-28T15:10:00Z	45	3	min		9aa7fea9	partial seeding	malaria	307	multilayer		columnar	C	5e-3	10	456	partseed	bnd P=0.5 k0	7.376756151					1	dCL -0.613% vs same-seed baseline; batch dCPU -11%
partseed-best	2026-07-28T15:10:00Z	45	3	min		9aa7fea9	partial seeding	malaria	307	multilayer		columnar	C	5e-3	10	567	partseed	bnd P=0.5 k0	7.391600661					1	dCL -0.413% vs same-seed baseline; batch dCPU -11%
partseed-best	2026-07-28T15:10:00Z	45	3	min		9aa7fea9	partial seeding	air30k	13213	state-memory		columnar	C	5e-3	10	123	partseed	bnd P=0.5 k0	5.393664418					1	dCL +0.000% vs same-seed baseline; batch dCPU +0%
partseed-best	2026-07-28T15:10:00Z	45	3	min		9aa7fea9	partial seeding	air30k	13213	state-memory		columnar	C	5e-3	10	234	partseed	bnd P=0.5 k0	5.393664418					1	dCL +0.000% vs same-seed baseline; batch dCPU +0%
partseed-best	2026-07-28T15:10:00Z	45	3	min		9aa7fea9	partial seeding	air30k	13213	state-memory		columnar	C	5e-3	10	345	partseed	bnd P=0.5 k0	5.393664418					1	dCL +0.000% vs same-seed baseline; batch dCPU +0%
partseed-best	2026-07-28T15:10:00Z	45	3	min		9aa7fea9	partial seeding	science2001	7170	base	-d	columnar	C	5e-3	10	123	partseed	bnd P=0.5 k0	7.834141610					1	dCL +0.009% vs same-seed baseline; batch dCPU -4%
partseed-best	2026-07-28T15:10:00Z	45	3	min		9aa7fea9	partial seeding	science2001	7170	base	-d	columnar	C	5e-3	10	234	partseed	bnd P=0.5 k0	7.835316626					1	dCL +0.024% vs same-seed baseline; batch dCPU -4%
partseed-best	2026-07-28T15:10:00Z	45	3	min		9aa7fea9	partial seeding	science2001	7170	base	-d	columnar	C	5e-3	10	345	partseed	bnd P=0.5 k0	7.834611616					1	dCL +0.015% vs same-seed baseline; batch dCPU -4%
knee-budget	2026-07-28T14:00:00Z	35	3	min		9aa7fea9	F23 knee re-tune	web-NotreDame	325729	base	-d	columnar	C	1e-3	1	123	none	-	5.569547986		3.40			0	equal-CPU-budget Pareto sweep; 13% noise floor this batch
knee-budget	2026-07-28T14:00:00Z	35	3	min		9aa7fea9	F23 knee re-tune	web-NotreDame	325729	base	-d	columnar	C	5e-3	1	123	none	-	5.572794236		3.40			0	equal-CPU-budget Pareto sweep; 13% noise floor this batch
knee-budget	2026-07-28T14:00:00Z	35	3	min		9aa7fea9	F23 knee re-tune	web-NotreDame	325729	base	-d	columnar	C	0	6	123	none	-	5.567696152		20.00			0	equal-CPU-budget Pareto sweep; 13% noise floor this batch
knee-budget	2026-07-28T14:00:00Z	35	3	min		9aa7fea9	F23 knee re-tune	web-NotreDame	325729	base	-d	columnar	C	5e-3	10	123	none	-	5.572794236		22.70			0	equal-CPU-budget Pareto sweep; 13% noise floor this batch
knee-budget	2026-07-28T14:00:00Z	35	3	min		9aa7fea9	F23 knee re-tune	web-NotreDame	325729	base	-d	columnar	C	1e-3	10	123	none	-	5.567411908		25.20			0	equal-CPU-budget Pareto sweep; 13% noise floor this batch
knee-budget	2026-07-28T14:00:00Z	35	3	min		9aa7fea9	F23 knee re-tune	web-NotreDame	325729	base	-d	columnar	C	5e-3	13	123	none	-	5.572723204		26.90			0	equal-CPU-budget Pareto sweep; 13% noise floor this batch
knee-budget	2026-07-28T14:00:00Z	35	3	min		9aa7fea9	F23 knee re-tune	web-NotreDame	325729	base	-d	columnar	C	0	10	123	none	-	5.566609295		32.00			0	equal-CPU-budget Pareto sweep; 13% noise floor this batch
knee-budget	2026-07-28T14:00:00Z	35	3	min		9aa7fea9	F23 knee re-tune	web-NotreDame	325729	base	-d	columnar	C	5e-3	16	123	none	-	5.572723204		32.10			0	equal-CPU-budget Pareto sweep; 13% noise floor this batch
knee-budget	2026-07-28T14:00:00Z	35	3	min		9aa7fea9	F23 knee re-tune	web-NotreDame	325729	base	-d	columnar	C	5e-3	20	123	none	-	5.572723204		39.88			0	equal-CPU-budget Pareto sweep; 13% noise floor this batch
knee-ab	2026-07-28T13:49:37Z	40.45	3	min	5d6ef7945e72470d4ae6651da85d6543	9aa7fea9	F23 knee 5e-3->1e-3	ninetriangles	27	base		columnar	C	5e-3	10	123	none	-	3.38583082	0.054	0.0	3	3	0	serial interleaved A/B on the merged tip; batch noise floor ~+-3.5% (from the 22 bit-identical configs)
knee-ab	2026-07-28T13:49:37Z	40.45	3	min	5d6ef7945e72470d4ae6651da85d6543	9aa7fea9	F23 knee 5e-3->1e-3	jazz	198	base		columnar	C	5e-3	10	123	none	-	6.861229775	0.048	0.01	6	2	0	serial interleaved A/B on the merged tip; batch noise floor ~+-3.5% (from the 22 bit-identical configs)
knee-ab	2026-07-28T13:49:38Z	38.65	3	min	5d6ef7945e72470d4ae6651da85d6543	9aa7fea9	F23 knee 5e-3->1e-3	netscicoauthor2010	552	base		columnar	C	5e-3	10	123	none	-	4.051867517	0.065	0.02	3	4	0	serial interleaved A/B on the merged tip; batch noise floor ~+-3.5% (from the 22 bit-identical configs)
knee-ab	2026-07-28T13:49:39Z	38.65	3	min	5d6ef7945e72470d4ae6651da85d6543	9aa7fea9	F23 knee 5e-3->1e-3	powergrid	4941	base		columnar	C	5e-3	10	123	none	-	4.749076238	0.31	0.26	5	5	0	serial interleaved A/B on the merged tip; batch noise floor ~+-3.5% (from the 22 bit-identical configs)
knee-ab	2026-07-28T13:49:40Z	38.65	3	min	5d6ef7945e72470d4ae6651da85d6543	9aa7fea9	F23 knee 5e-3->1e-3	politicalblogs	1046	base	-d	columnar	C	5e-3	10	123	none	-	6.74058207	0.111	0.07	78	2	0	serial interleaved A/B on the merged tip; batch noise floor ~+-3.5% (from the 22 bit-identical configs)
knee-ab	2026-07-28T13:49:53Z	36.86	3	min	5d6ef7945e72470d4ae6651da85d6543	9aa7fea9	F23 knee 5e-3->1e-3	science2001	7170	base	-d	columnar	C	5e-3	10	123	none	-	7.833436601	3.705	3.34	15	3	0	serial interleaved A/B on the merged tip; batch noise floor ~+-3.5% (from the 22 bit-identical configs)
knee-ab	2026-07-28T13:51:16Z	32.60	3	min	5d6ef7945e72470d4ae6651da85d6543	9aa7fea9	F23 knee 5e-3->1e-3	web-NotreDame	325729	base	-d	columnar	C	5e-3	10	123	none	-	5.572794236	25.738	23.38	4	6	0	serial interleaved A/B on the merged tip; batch noise floor ~+-3.5% (from the 22 bit-identical configs)
knee-ab	2026-07-28T13:51:17Z	32.60	3	min	5d6ef7945e72470d4ae6651da85d6543	9aa7fea9	F23 knee 5e-3->1e-3	lazega	69	metadata	--meta-data networks/meta/lazega.meta	columnar	C	5e-3	10	123	none	-	6.017860269	0.041	0.0	7	2	0	serial interleaved A/B on the merged tip; batch noise floor ~+-3.5% (from the 22 bit-identical configs)
knee-ab	2026-07-28T13:51:17Z	32.60	3	min	5d6ef7945e72470d4ae6651da85d6543	9aa7fea9	F23 knee 5e-3->1e-3	multilayer	5	multilayer		columnar	C	5e-3	10	123	none	-	2.011405238	0.039	0.0	2	2	0	serial interleaved A/B on the merged tip; batch noise floor ~+-3.5% (from the 22 bit-identical configs)
knee-ab	2026-07-28T13:51:30Z	31.66	3	min	5d6ef7945e72470d4ae6651da85d6543	9aa7fea9	F23 knee 5e-3->1e-3	malaria	307	multilayer		columnar	C	5e-3	10	123	none	-	7.422254572	3.704	3.53	163	2	0	serial interleaved A/B on the merged tip; batch noise floor ~+-3.5% (from the 22 bit-identical configs)
knee-ab	2026-07-28T13:51:43Z	31.76	3	min	5d6ef7945e72470d4ae6651da85d6543	9aa7fea9	F23 knee 5e-3->1e-3	air30k	13213	state-memory		columnar	C	5e-3	10	123	none	-	5.393664418	4.134	4.05	20	3	0	serial interleaved A/B on the merged tip; batch noise floor ~+-3.5% (from the 22 bit-identical configs)
knee-ab	2026-07-28T13:51:57Z	30.50	3	min	5d6ef7945e72470d4ae6651da85d6543	9aa7fea9	F23 knee 5e-3->1e-3	air30k-reg	13213	state-memory	-d --regularized	columnar	C	5e-3	10	123	none	-	5.576024192	4.38	4.27	11	3	0	serial interleaved A/B on the merged tip; batch noise floor ~+-3.5% (from the 22 bit-identical configs)
knee-ab	2026-07-28T13:52:09Z	28.66	3	min	5d6ef7945e72470d4ae6651da85d6543	9aa7fea9	F23 knee 5e-3->1e-3	science2001-pref25	7170	base-biased	-d --preferred-number-of-modules 25	columnar	C	5e-3	10	123	none	-	8.238350558	3.643	3.49	25	2	0	serial interleaved A/B on the merged tip; batch noise floor ~+-3.5% (from the 22 bit-identical configs)
knee-ab	2026-07-28T13:52:09Z	28.66	3	min	5d6ef7945e72470d4ae6651da85d6543	9aa7fea9	F23 knee 5e-3->1e-3	ninetriangles	27	base		columnar	CF	5e-3	10	123	none	-	3.38583082	0.037	0.0	3	3	0	serial interleaved A/B on the merged tip; batch noise floor ~+-3.5% (from the 22 bit-identical configs)
knee-ab	2026-07-28T13:52:10Z	28.66	3	min	5d6ef7945e72470d4ae6651da85d6543	9aa7fea9	F23 knee 5e-3->1e-3	jazz	198	base		columnar	CF	5e-3	10	123	none	-	6.861229775	0.045	0.01	6	2	0	serial interleaved A/B on the merged tip; batch noise floor ~+-3.5% (from the 22 bit-identical configs)
knee-ab	2026-07-28T13:52:11Z	28.66	3	min	5d6ef7945e72470d4ae6651da85d6543	9aa7fea9	F23 knee 5e-3->1e-3	netscicoauthor2010	552	base		columnar	CF	5e-3	10	123	none	-	4.064283778	0.054	0.01	3	4	0	serial interleaved A/B on the merged tip; batch noise floor ~+-3.5% (from the 22 bit-identical configs)
knee-ab	2026-07-28T13:52:12Z	28.66	3	min	5d6ef7945e72470d4ae6651da85d6543	9aa7fea9	F23 knee 5e-3->1e-3	powergrid	4941	base		columnar	CF	5e-3	10	123	none	-	4.772176996	0.202	0.16	5	5	0	serial interleaved A/B on the merged tip; batch noise floor ~+-3.5% (from the 22 bit-identical configs)
knee-ab	2026-07-28T13:52:12Z	28.66	3	min	5d6ef7945e72470d4ae6651da85d6543	9aa7fea9	F23 knee 5e-3->1e-3	politicalblogs	1046	base	-d	columnar	CF	5e-3	10	123	none	-	6.74058207	0.106	0.06	78	2	0	serial interleaved A/B on the merged tip; batch noise floor ~+-3.5% (from the 22 bit-identical configs)
knee-ab	2026-07-28T13:52:23Z	28.40	3	min	5d6ef7945e72470d4ae6651da85d6543	9aa7fea9	F23 knee 5e-3->1e-3	science2001	7170	base	-d	columnar	CF	5e-3	10	123	none	-	7.833436601	3.309	3.18	15	3	0	serial interleaved A/B on the merged tip; batch noise floor ~+-3.5% (from the 22 bit-identical configs)
knee-ab	2026-07-28T13:53:13Z	26.92	3	min	5d6ef7945e72470d4ae6651da85d6543	9aa7fea9	F23 knee 5e-3->1e-3	web-NotreDame	325729	base	-d	columnar	CF	5e-3	10	123	none	-	5.624483179	16.15	15.8	2	5	0	serial interleaved A/B on the merged tip; batch noise floor ~+-3.5% (from the 22 bit-identical configs)
knee-ab	2026-07-28T13:53:14Z	26.92	3	min	5d6ef7945e72470d4ae6651da85d6543	9aa7fea9	F23 knee 5e-3->1e-3	lazega	69	metadata	--meta-data networks/meta/lazega.meta	columnar	CF	5e-3	10	123	none	-	6.017860269	0.041	0.0	7	2	0	serial interleaved A/B on the merged tip; batch noise floor ~+-3.5% (from the 22 bit-identical configs)
knee-ab	2026-07-28T13:53:14Z	26.92	3	min	5d6ef7945e72470d4ae6651da85d6543	9aa7fea9	F23 knee 5e-3->1e-3	multilayer	5	multilayer		columnar	CF	5e-3	10	123	none	-	2.011405238	0.036	0.0	2	2	0	serial interleaved A/B on the merged tip; batch noise floor ~+-3.5% (from the 22 bit-identical configs)
knee-ab	2026-07-28T13:53:25Z	27.53	3	min	5d6ef7945e72470d4ae6651da85d6543	9aa7fea9	F23 knee 5e-3->1e-3	malaria	307	multilayer		columnar	CF	5e-3	10	123	none	-	7.422254572	3.511	3.37	163	2	0	serial interleaved A/B on the merged tip; batch noise floor ~+-3.5% (from the 22 bit-identical configs)
knee-ab	2026-07-28T13:53:37Z	26.83	3	min	5d6ef7945e72470d4ae6651da85d6543	9aa7fea9	F23 knee 5e-3->1e-3	air30k	13213	state-memory		columnar	CF	5e-3	10	123	none	-	5.393664418	3.753	3.69	20	3	0	serial interleaved A/B on the merged tip; batch noise floor ~+-3.5% (from the 22 bit-identical configs)
knee-ab	2026-07-28T13:53:49Z	24.08	3	min	5d6ef7945e72470d4ae6651da85d6543	9aa7fea9	F23 knee 5e-3->1e-3	air30k-reg	13213	state-memory	-d --regularized	columnar	CF	5e-3	10	123	none	-	5.576024192	3.774	3.69	11	3	0	serial interleaved A/B on the merged tip; batch noise floor ~+-3.5% (from the 22 bit-identical configs)
knee-ab	2026-07-28T13:54:00Z	22.69	3	min	5d6ef7945e72470d4ae6651da85d6543	9aa7fea9	F23 knee 5e-3->1e-3	science2001-pref25	7170	base-biased	-d --preferred-number-of-modules 25	columnar	CF	5e-3	10	123	none	-	8.238350558	3.473	3.35	25	2	0	serial interleaved A/B on the merged tip; batch noise floor ~+-3.5% (from the 22 bit-identical configs)
knee-ab	2026-07-28T13:54:01Z	22.69	3	min	192de61b0daf72ff458eda90d0e51844	9aa7fea9	F23 knee 5e-3->1e-3	ninetriangles	27	base		columnar	C	1e-3	10	123	none	-	3.38583082	0.035	0.0	3	3	0	serial interleaved A/B on the merged tip; batch noise floor ~+-3.5% (from the 22 bit-identical configs)
knee-ab	2026-07-28T13:54:01Z	22.69	3	min	192de61b0daf72ff458eda90d0e51844	9aa7fea9	F23 knee 5e-3->1e-3	jazz	198	base		columnar	C	1e-3	10	123	none	-	6.861229775	0.044	0.01	6	2	0	serial interleaved A/B on the merged tip; batch noise floor ~+-3.5% (from the 22 bit-identical configs)
knee-ab	2026-07-28T13:54:02Z	22.69	3	min	192de61b0daf72ff458eda90d0e51844	9aa7fea9	F23 knee 5e-3->1e-3	netscicoauthor2010	552	base		columnar	C	1e-3	10	123	none	-	4.051867517	0.065	0.03	3	4	0	serial interleaved A/B on the merged tip; batch noise floor ~+-3.5% (from the 22 bit-identical configs)
knee-ab	2026-07-28T13:54:03Z	22.87	3	min	192de61b0daf72ff458eda90d0e51844	9aa7fea9	F23 knee 5e-3->1e-3	powergrid	4941	base		columnar	C	1e-3	10	123	none	-	4.74650715	0.361	0.32	5	5	0	serial interleaved A/B on the merged tip; batch noise floor ~+-3.5% (from the 22 bit-identical configs)
knee-ab	2026-07-28T13:54:04Z	22.87	3	min	192de61b0daf72ff458eda90d0e51844	9aa7fea9	F23 knee 5e-3->1e-3	politicalblogs	1046	base	-d	columnar	C	1e-3	10	123	none	-	6.74058207	0.107	0.07	78	2	0	serial interleaved A/B on the merged tip; batch noise floor ~+-3.5% (from the 22 bit-identical configs)
knee-ab	2026-07-28T13:54:15Z	21.88	3	min	192de61b0daf72ff458eda90d0e51844	9aa7fea9	F23 knee 5e-3->1e-3	science2001	7170	base	-d	columnar	C	1e-3	10	123	none	-	7.833436601	3.433	3.27	15	3	0	serial interleaved A/B on the merged tip; batch noise floor ~+-3.5% (from the 22 bit-identical configs)
knee-ab	2026-07-28T13:55:35Z	23.24	3	min	192de61b0daf72ff458eda90d0e51844	9aa7fea9	F23 knee 5e-3->1e-3	web-NotreDame	325729	base	-d	columnar	C	1e-3	10	123	none	-	5.567411908	26.096	25.42	2	6	0	serial interleaved A/B on the merged tip; batch noise floor ~+-3.5% (from the 22 bit-identical configs)
knee-ab	2026-07-28T13:55:35Z	23.24	3	min	192de61b0daf72ff458eda90d0e51844	9aa7fea9	F23 knee 5e-3->1e-3	lazega	69	metadata	--meta-data networks/meta/lazega.meta	columnar	C	1e-3	10	123	none	-	6.017860269	0.039	0.0	7	2	0	serial interleaved A/B on the merged tip; batch noise floor ~+-3.5% (from the 22 bit-identical configs)
knee-ab	2026-07-28T13:55:36Z	23.24	3	min	192de61b0daf72ff458eda90d0e51844	9aa7fea9	F23 knee 5e-3->1e-3	multilayer	5	multilayer		columnar	C	1e-3	10	123	none	-	2.011405238	0.035	0.0	2	2	0	serial interleaved A/B on the merged tip; batch noise floor ~+-3.5% (from the 22 bit-identical configs)
knee-ab	2026-07-28T13:55:47Z	22.66	3	min	192de61b0daf72ff458eda90d0e51844	9aa7fea9	F23 knee 5e-3->1e-3	malaria	307	multilayer		columnar	C	1e-3	10	123	none	-	7.422254572	3.498	3.41	163	2	0	serial interleaved A/B on the merged tip; batch noise floor ~+-3.5% (from the 22 bit-identical configs)
knee-ab	2026-07-28T13:55:59Z	22.08	3	min	192de61b0daf72ff458eda90d0e51844	9aa7fea9	F23 knee 5e-3->1e-3	air30k	13213	state-memory		columnar	C	1e-3	10	123	none	-	5.393664418	4.028	3.93	20	3	0	serial interleaved A/B on the merged tip; batch noise floor ~+-3.5% (from the 22 bit-identical configs)
knee-ab	2026-07-28T13:56:12Z	21.38	3	min	192de61b0daf72ff458eda90d0e51844	9aa7fea9	F23 knee 5e-3->1e-3	air30k-reg	13213	state-memory	-d --regularized	columnar	C	1e-3	10	123	none	-	5.576024192	4.258	4.18	11	3	0	serial interleaved A/B on the merged tip; batch noise floor ~+-3.5% (from the 22 bit-identical configs)
knee-ab	2026-07-28T13:56:25Z	22.53	3	min	192de61b0daf72ff458eda90d0e51844	9aa7fea9	F23 knee 5e-3->1e-3	science2001-pref25	7170	base-biased	-d --preferred-number-of-modules 25	columnar	C	1e-3	10	123	none	-	8.238350558	3.535	3.42	25	2	0	serial interleaved A/B on the merged tip; batch noise floor ~+-3.5% (from the 22 bit-identical configs)
knee-ab	2026-07-28T13:56:25Z	22.53	3	min	192de61b0daf72ff458eda90d0e51844	9aa7fea9	F23 knee 5e-3->1e-3	ninetriangles	27	base		columnar	CF	1e-3	10	123	none	-	3.38583082	0.034	0.0	3	3	0	serial interleaved A/B on the merged tip; batch noise floor ~+-3.5% (from the 22 bit-identical configs)
knee-ab	2026-07-28T13:56:26Z	22.53	3	min	192de61b0daf72ff458eda90d0e51844	9aa7fea9	F23 knee 5e-3->1e-3	jazz	198	base		columnar	CF	1e-3	10	123	none	-	6.861229775	0.042	0.01	6	2	0	serial interleaved A/B on the merged tip; batch noise floor ~+-3.5% (from the 22 bit-identical configs)
knee-ab	2026-07-28T13:56:26Z	22.53	3	min	192de61b0daf72ff458eda90d0e51844	9aa7fea9	F23 knee 5e-3->1e-3	netscicoauthor2010	552	base		columnar	CF	1e-3	10	123	none	-	4.064283778	0.053	0.01	3	4	0	serial interleaved A/B on the merged tip; batch noise floor ~+-3.5% (from the 22 bit-identical configs)
knee-ab	2026-07-28T13:56:27Z	22.53	3	min	192de61b0daf72ff458eda90d0e51844	9aa7fea9	F23 knee 5e-3->1e-3	powergrid	4941	base		columnar	CF	1e-3	10	123	none	-	4.772176996	0.196	0.15	5	5	0	serial interleaved A/B on the merged tip; batch noise floor ~+-3.5% (from the 22 bit-identical configs)
knee-ab	2026-07-28T13:56:28Z	23.05	3	min	192de61b0daf72ff458eda90d0e51844	9aa7fea9	F23 knee 5e-3->1e-3	politicalblogs	1046	base	-d	columnar	CF	1e-3	10	123	none	-	6.74058207	0.104	0.06	78	2	0	serial interleaved A/B on the merged tip; batch noise floor ~+-3.5% (from the 22 bit-identical configs)
knee-ab	2026-07-28T13:56:38Z	21.89	3	min	192de61b0daf72ff458eda90d0e51844	9aa7fea9	F23 knee 5e-3->1e-3	science2001	7170	base	-d	columnar	CF	1e-3	10	123	none	-	7.833436601	3.219	3.1	15	3	0	serial interleaved A/B on the merged tip; batch noise floor ~+-3.5% (from the 22 bit-identical configs)
knee-ab	2026-07-28T13:57:28Z	21.30	3	min	192de61b0daf72ff458eda90d0e51844	9aa7fea9	F23 knee 5e-3->1e-3	web-NotreDame	325729	base	-d	columnar	CF	1e-3	10	123	none	-	5.624483179	16.161	15.77	2	5	0	serial interleaved A/B on the merged tip; batch noise floor ~+-3.5% (from the 22 bit-identical configs)
knee-ab	2026-07-28T13:57:28Z	21.84	3	min	192de61b0daf72ff458eda90d0e51844	9aa7fea9	F23 knee 5e-3->1e-3	lazega	69	metadata	--meta-data networks/meta/lazega.meta	columnar	CF	1e-3	10	123	none	-	6.017860269	0.039	0.0	7	2	0	serial interleaved A/B on the merged tip; batch noise floor ~+-3.5% (from the 22 bit-identical configs)
knee-ab	2026-07-28T13:57:29Z	21.84	3	min	192de61b0daf72ff458eda90d0e51844	9aa7fea9	F23 knee 5e-3->1e-3	multilayer	5	multilayer		columnar	CF	1e-3	10	123	none	-	2.011405238	0.036	0.0	2	2	0	serial interleaved A/B on the merged tip; batch noise floor ~+-3.5% (from the 22 bit-identical configs)
knee-ab	2026-07-28T13:57:40Z	21.54	3	min	192de61b0daf72ff458eda90d0e51844	9aa7fea9	F23 knee 5e-3->1e-3	malaria	307	multilayer		columnar	CF	1e-3	10	123	none	-	7.422254572	3.49	3.41	163	2	0	serial interleaved A/B on the merged tip; batch noise floor ~+-3.5% (from the 22 bit-identical configs)
knee-ab	2026-07-28T13:57:52Z	21.15	3	min	192de61b0daf72ff458eda90d0e51844	9aa7fea9	F23 knee 5e-3->1e-3	air30k	13213	state-memory		columnar	CF	1e-3	10	123	none	-	5.393664418	3.813	3.74	20	3	0	serial interleaved A/B on the merged tip; batch noise floor ~+-3.5% (from the 22 bit-identical configs)
knee-ab	2026-07-28T13:58:03Z	21.33	3	min	192de61b0daf72ff458eda90d0e51844	9aa7fea9	F23 knee 5e-3->1e-3	air30k-reg	13213	state-memory	-d --regularized	columnar	CF	1e-3	10	123	none	-	5.576024192	3.735	3.67	11	3	0	serial interleaved A/B on the merged tip; batch noise floor ~+-3.5% (from the 22 bit-identical configs)
knee-ab	2026-07-28T13:58:15Z	20.81	3	min	192de61b0daf72ff458eda90d0e51844	9aa7fea9	F23 knee 5e-3->1e-3	science2001-pref25	7170	base-biased	-d --preferred-number-of-modules 25	columnar	CF	1e-3	10	123	none	-	8.238350558	3.541	3.42	25	2	0	serial interleaved A/B on the merged tip; batch noise floor ~+-3.5% (from the 22 bit-identical configs)
perf-refresh-knee1e3	2026-07-28T17:20:00Z	30	1	single	192de61b0daf72ff458eda90d0e51844	9aa7fea9+knee	F23 knee 5e-3->1e-3	ninetriangles	27	base		OO	OO		10	123	none	-	3.38583082	0.05	0.00	3	3	0	full 13x5 same-session refresh at knee 1e-3; 63/65 codelengths bit-identical to perf-refresh-891
perf-refresh-knee1e3	2026-07-28T17:20:00Z	30	1	single	192de61b0daf72ff458eda90d0e51844	9aa7fea9+knee	F23 knee 5e-3->1e-3	jazz	198	base		OO	OO		10	123	none	-	6.861229775	0.06	0.02	6	2	0	full 13x5 same-session refresh at knee 1e-3; 63/65 codelengths bit-identical to perf-refresh-891
perf-refresh-knee1e3	2026-07-28T17:20:00Z	30	1	single	192de61b0daf72ff458eda90d0e51844	9aa7fea9+knee	F23 knee 5e-3->1e-3	netsci	552	base		OO	OO		10	123	none	-	4.043215101	0.16	0.12	2	5	0	full 13x5 same-session refresh at knee 1e-3; 63/65 codelengths bit-identical to perf-refresh-891
perf-refresh-knee1e3	2026-07-28T17:20:00Z	30	1	single	192de61b0daf72ff458eda90d0e51844	9aa7fea9+knee	F23 knee 5e-3->1e-3	powergrid	4941	base		OO	OO		10	123	none	-	4.756483889	1.99	1.91	5	6	0	full 13x5 same-session refresh at knee 1e-3; 63/65 codelengths bit-identical to perf-refresh-891
perf-refresh-knee1e3	2026-07-28T17:20:00Z	30	1	single	192de61b0daf72ff458eda90d0e51844	9aa7fea9+knee	F23 knee 5e-3->1e-3	politicalblogs	1046	base	-d	OO	OO		10	123	none	-	6.739524814	0.21	0.15	74	3	0	full 13x5 same-session refresh at knee 1e-3; 63/65 codelengths bit-identical to perf-refresh-891
perf-refresh-knee1e3	2026-07-28T17:20:00Z	30	1	single	192de61b0daf72ff458eda90d0e51844	9aa7fea9+knee	F23 knee 5e-3->1e-3	science2001	7170	base	-d	OO	OO		10	123	none	-	7.834280583	9.86	9.30	12	4	0	full 13x5 same-session refresh at knee 1e-3; 63/65 codelengths bit-identical to perf-refresh-891
perf-refresh-knee1e3	2026-07-28T17:20:00Z	30	1	single	192de61b0daf72ff458eda90d0e51844	9aa7fea9+knee	F23 knee 5e-3->1e-3	web-NotreDame	325729	base	-d	OO	OO		10	123	none	-	5.56604138	180.45	171.47	19	13	0	full 13x5 same-session refresh at knee 1e-3; 63/65 codelengths bit-identical to perf-refresh-891
perf-refresh-knee1e3	2026-07-28T17:20:00Z	30	1	single	192de61b0daf72ff458eda90d0e51844	9aa7fea9+knee	F23 knee 5e-3->1e-3	lazega	69	metadata	--meta-data networks/meta/lazega.meta	OO	OO		10	123	none	-	6.017860269	0.06	0.01	7	2	0	full 13x5 same-session refresh at knee 1e-3; 63/65 codelengths bit-identical to perf-refresh-891
perf-refresh-knee1e3	2026-07-28T17:20:00Z	30	1	single	192de61b0daf72ff458eda90d0e51844	9aa7fea9+knee	F23 knee 5e-3->1e-3	multilayer	5	multilayer		OO	OO		10	123	none	-	2.011405238	0.04	0.00	2	2	0	full 13x5 same-session refresh at knee 1e-3; 63/65 codelengths bit-identical to perf-refresh-891
perf-refresh-knee1e3	2026-07-28T17:20:00Z	30	1	single	192de61b0daf72ff458eda90d0e51844	9aa7fea9+knee	F23 knee 5e-3->1e-3	malaria	307	multilayer		OO	OO		10	123	none	-	7.503378959	11.04	10.84	145	3	0	full 13x5 same-session refresh at knee 1e-3; 63/65 codelengths bit-identical to perf-refresh-891
perf-refresh-knee1e3	2026-07-28T17:20:00Z	30	1	single	192de61b0daf72ff458eda90d0e51844	9aa7fea9+knee	F23 knee 5e-3->1e-3	air30k	13213	state-memory		OO	OO		10	123	none	-	5.393955343	13.16	12.77	18	4	0	full 13x5 same-session refresh at knee 1e-3; 63/65 codelengths bit-identical to perf-refresh-891
perf-refresh-knee1e3	2026-07-28T17:20:00Z	30	1	single	192de61b0daf72ff458eda90d0e51844	9aa7fea9+knee	F23 knee 5e-3->1e-3	air30k-reg	13213	state-memory	-d --regularized	OO	OO		10	123	none	-	5.575652802	9.02	8.85	301	3	0	full 13x5 same-session refresh at knee 1e-3; 63/65 codelengths bit-identical to perf-refresh-891
perf-refresh-knee1e3	2026-07-28T17:20:00Z	30	1	single	192de61b0daf72ff458eda90d0e51844	9aa7fea9+knee	F23 knee 5e-3->1e-3	science2001-pref25	7170	base-biased	-d --preferred-number-of-modules 25	OO	OO		10	123	none	-	7.928000301	8.71	8.57	25	4	0	full 13x5 same-session refresh at knee 1e-3; 63/65 codelengths bit-identical to perf-refresh-891
perf-refresh-knee1e3	2026-07-28T17:20:00Z	30	1	single	192de61b0daf72ff458eda90d0e51844	9aa7fea9+knee	F23 knee 5e-3->1e-3	ninetriangles	27	base		columnar	C	1e-3	10	123	none	-	3.38583082	0.04	0.00	3	3	0	full 13x5 same-session refresh at knee 1e-3; 63/65 codelengths bit-identical to perf-refresh-891
perf-refresh-knee1e3	2026-07-28T17:20:00Z	30	1	single	192de61b0daf72ff458eda90d0e51844	9aa7fea9+knee	F23 knee 5e-3->1e-3	jazz	198	base		columnar	C	1e-3	10	123	none	-	6.861229775	0.05	0.01	6	2	0	full 13x5 same-session refresh at knee 1e-3; 63/65 codelengths bit-identical to perf-refresh-891
perf-refresh-knee1e3	2026-07-28T17:20:00Z	30	1	single	192de61b0daf72ff458eda90d0e51844	9aa7fea9+knee	F23 knee 5e-3->1e-3	netsci	552	base		columnar	C	1e-3	10	123	none	-	4.051867517	0.07	0.03	3	4	0	full 13x5 same-session refresh at knee 1e-3; 63/65 codelengths bit-identical to perf-refresh-891
perf-refresh-knee1e3	2026-07-28T17:20:00Z	30	1	single	192de61b0daf72ff458eda90d0e51844	9aa7fea9+knee	F23 knee 5e-3->1e-3	powergrid	4941	base		columnar	C	1e-3	10	123	none	-	4.74650715	0.38	0.33	5	5	0	full 13x5 same-session refresh at knee 1e-3; 63/65 codelengths bit-identical to perf-refresh-891
perf-refresh-knee1e3	2026-07-28T17:20:00Z	30	1	single	192de61b0daf72ff458eda90d0e51844	9aa7fea9+knee	F23 knee 5e-3->1e-3	politicalblogs	1046	base	-d	columnar	C	1e-3	10	123	none	-	6.74058207	0.12	0.08	78	2	0	full 13x5 same-session refresh at knee 1e-3; 63/65 codelengths bit-identical to perf-refresh-891
perf-refresh-knee1e3	2026-07-28T17:20:00Z	30	1	single	192de61b0daf72ff458eda90d0e51844	9aa7fea9+knee	F23 knee 5e-3->1e-3	science2001	7170	base	-d	columnar	C	1e-3	10	123	none	-	7.833436601	3.71	3.38	15	3	0	full 13x5 same-session refresh at knee 1e-3; 63/65 codelengths bit-identical to perf-refresh-891
perf-refresh-knee1e3	2026-07-28T17:20:00Z	30	1	single	192de61b0daf72ff458eda90d0e51844	9aa7fea9+knee	F23 knee 5e-3->1e-3	web-NotreDame	325729	base	-d	columnar	C	1e-3	10	123	none	-	5.567411908	25.97	25.49	2	6	0	full 13x5 same-session refresh at knee 1e-3; 63/65 codelengths bit-identical to perf-refresh-891
perf-refresh-knee1e3	2026-07-28T17:20:00Z	30	1	single	192de61b0daf72ff458eda90d0e51844	9aa7fea9+knee	F23 knee 5e-3->1e-3	lazega	69	metadata	--meta-data networks/meta/lazega.meta	columnar	C	1e-3	10	123	none	-	6.017860269	0.04	0.00	7	2	0	full 13x5 same-session refresh at knee 1e-3; 63/65 codelengths bit-identical to perf-refresh-891
perf-refresh-knee1e3	2026-07-28T17:20:00Z	30	1	single	192de61b0daf72ff458eda90d0e51844	9aa7fea9+knee	F23 knee 5e-3->1e-3	multilayer	5	multilayer		columnar	C	1e-3	10	123	none	-	2.011405238	0.04	0.00	2	2	0	full 13x5 same-session refresh at knee 1e-3; 63/65 codelengths bit-identical to perf-refresh-891
perf-refresh-knee1e3	2026-07-28T17:20:00Z	30	1	single	192de61b0daf72ff458eda90d0e51844	9aa7fea9+knee	F23 knee 5e-3->1e-3	malaria	307	multilayer		columnar	C	1e-3	10	123	none	-	7.422254572	3.51	3.41	163	2	0	full 13x5 same-session refresh at knee 1e-3; 63/65 codelengths bit-identical to perf-refresh-891
perf-refresh-knee1e3	2026-07-28T17:20:00Z	30	1	single	192de61b0daf72ff458eda90d0e51844	9aa7fea9+knee	F23 knee 5e-3->1e-3	air30k	13213	state-memory		columnar	C	1e-3	10	123	none	-	5.393664418	4.06	3.95	20	3	0	full 13x5 same-session refresh at knee 1e-3; 63/65 codelengths bit-identical to perf-refresh-891
perf-refresh-knee1e3	2026-07-28T17:20:00Z	30	1	single	192de61b0daf72ff458eda90d0e51844	9aa7fea9+knee	F23 knee 5e-3->1e-3	air30k-reg	13213	state-memory	-d --regularized	columnar	C	1e-3	10	123	none	-	5.576024192	4.22	4.17	11	3	0	full 13x5 same-session refresh at knee 1e-3; 63/65 codelengths bit-identical to perf-refresh-891
perf-refresh-knee1e3	2026-07-28T17:20:00Z	30	1	single	192de61b0daf72ff458eda90d0e51844	9aa7fea9+knee	F23 knee 5e-3->1e-3	science2001-pref25	7170	base-biased	-d --preferred-number-of-modules 25	columnar	C	1e-3	10	123	none	-	8.238350558	3.50	3.42	25	2	0	full 13x5 same-session refresh at knee 1e-3; 63/65 codelengths bit-identical to perf-refresh-891
perf-refresh-knee1e3	2026-07-28T17:20:00Z	30	1	single	192de61b0daf72ff458eda90d0e51844	9aa7fea9+knee	F23 knee 5e-3->1e-3	ninetriangles	27	base		columnar	CF	1e-3	10	123	none	-	3.38583082	0.04	0.00	3	3	0	full 13x5 same-session refresh at knee 1e-3; 63/65 codelengths bit-identical to perf-refresh-891
perf-refresh-knee1e3	2026-07-28T17:20:00Z	30	1	single	192de61b0daf72ff458eda90d0e51844	9aa7fea9+knee	F23 knee 5e-3->1e-3	jazz	198	base		columnar	CF	1e-3	10	123	none	-	6.861229775	0.04	0.01	6	2	0	full 13x5 same-session refresh at knee 1e-3; 63/65 codelengths bit-identical to perf-refresh-891
perf-refresh-knee1e3	2026-07-28T17:20:00Z	30	1	single	192de61b0daf72ff458eda90d0e51844	9aa7fea9+knee	F23 knee 5e-3->1e-3	netsci	552	base		columnar	CF	1e-3	10	123	none	-	4.064283778	0.05	0.01	3	4	0	full 13x5 same-session refresh at knee 1e-3; 63/65 codelengths bit-identical to perf-refresh-891
perf-refresh-knee1e3	2026-07-28T17:20:00Z	30	1	single	192de61b0daf72ff458eda90d0e51844	9aa7fea9+knee	F23 knee 5e-3->1e-3	powergrid	4941	base		columnar	CF	1e-3	10	123	none	-	4.772176996	0.20	0.16	5	5	0	full 13x5 same-session refresh at knee 1e-3; 63/65 codelengths bit-identical to perf-refresh-891
perf-refresh-knee1e3	2026-07-28T17:20:00Z	30	1	single	192de61b0daf72ff458eda90d0e51844	9aa7fea9+knee	F23 knee 5e-3->1e-3	politicalblogs	1046	base	-d	columnar	CF	1e-3	10	123	none	-	6.74058207	0.10	0.06	78	2	0	full 13x5 same-session refresh at knee 1e-3; 63/65 codelengths bit-identical to perf-refresh-891
perf-refresh-knee1e3	2026-07-28T17:20:00Z	30	1	single	192de61b0daf72ff458eda90d0e51844	9aa7fea9+knee	F23 knee 5e-3->1e-3	science2001	7170	base	-d	columnar	CF	1e-3	10	123	none	-	7.833436601	3.29	3.12	15	3	0	full 13x5 same-session refresh at knee 1e-3; 63/65 codelengths bit-identical to perf-refresh-891
perf-refresh-knee1e3	2026-07-28T17:20:00Z	30	1	single	192de61b0daf72ff458eda90d0e51844	9aa7fea9+knee	F23 knee 5e-3->1e-3	web-NotreDame	325729	base	-d	columnar	CF	1e-3	10	123	none	-	5.624483179	16.00	15.70	2	5	0	full 13x5 same-session refresh at knee 1e-3; 63/65 codelengths bit-identical to perf-refresh-891
perf-refresh-knee1e3	2026-07-28T17:20:00Z	30	1	single	192de61b0daf72ff458eda90d0e51844	9aa7fea9+knee	F23 knee 5e-3->1e-3	lazega	69	metadata	--meta-data networks/meta/lazega.meta	columnar	CF	1e-3	10	123	none	-	6.017860269	0.04	0.00	7	2	0	full 13x5 same-session refresh at knee 1e-3; 63/65 codelengths bit-identical to perf-refresh-891
perf-refresh-knee1e3	2026-07-28T17:20:00Z	30	1	single	192de61b0daf72ff458eda90d0e51844	9aa7fea9+knee	F23 knee 5e-3->1e-3	multilayer	5	multilayer		columnar	CF	1e-3	10	123	none	-	2.011405238	0.04	0.00	2	2	0	full 13x5 same-session refresh at knee 1e-3; 63/65 codelengths bit-identical to perf-refresh-891
perf-refresh-knee1e3	2026-07-28T17:20:00Z	30	1	single	192de61b0daf72ff458eda90d0e51844	9aa7fea9+knee	F23 knee 5e-3->1e-3	malaria	307	multilayer		columnar	CF	1e-3	10	123	none	-	7.422254572	3.49	3.39	163	2	0	full 13x5 same-session refresh at knee 1e-3; 63/65 codelengths bit-identical to perf-refresh-891
perf-refresh-knee1e3	2026-07-28T17:20:00Z	30	1	single	192de61b0daf72ff458eda90d0e51844	9aa7fea9+knee	F23 knee 5e-3->1e-3	air30k	13213	state-memory		columnar	CF	1e-3	10	123	none	-	5.393664418	3.73	3.66	20	3	0	full 13x5 same-session refresh at knee 1e-3; 63/65 codelengths bit-identical to perf-refresh-891
perf-refresh-knee1e3	2026-07-28T17:20:00Z	30	1	single	192de61b0daf72ff458eda90d0e51844	9aa7fea9+knee	F23 knee 5e-3->1e-3	air30k-reg	13213	state-memory	-d --regularized	columnar	CF	1e-3	10	123	none	-	5.576024192	3.90	3.72	11	3	0	full 13x5 same-session refresh at knee 1e-3; 63/65 codelengths bit-identical to perf-refresh-891
perf-refresh-knee1e3	2026-07-28T17:20:00Z	30	1	single	192de61b0daf72ff458eda90d0e51844	9aa7fea9+knee	F23 knee 5e-3->1e-3	science2001-pref25	7170	base-biased	-d --preferred-number-of-modules 25	columnar	CF	1e-3	10	123	none	-	8.238350558	3.50	3.35	25	2	0	full 13x5 same-session refresh at knee 1e-3; 63/65 codelengths bit-identical to perf-refresh-891
perf-refresh-knee1e3	2026-07-28T17:20:00Z	30	1	single	192de61b0daf72ff458eda90d0e51844	9aa7fea9+knee	F23 knee 5e-3->1e-3	ninetriangles	27	base		OO	OO2		10	123	none	-	3.517754809	0.04	0.00	9	2	0	full 13x5 same-session refresh at knee 1e-3; 63/65 codelengths bit-identical to perf-refresh-891
perf-refresh-knee1e3	2026-07-28T17:20:00Z	30	1	single	192de61b0daf72ff458eda90d0e51844	9aa7fea9+knee	F23 knee 5e-3->1e-3	jazz	198	base		OO	OO2		10	123	none	-	6.861229775	0.05	0.01	6	2	0	full 13x5 same-session refresh at knee 1e-3; 63/65 codelengths bit-identical to perf-refresh-891
perf-refresh-knee1e3	2026-07-28T17:20:00Z	30	1	single	192de61b0daf72ff458eda90d0e51844	9aa7fea9+knee	F23 knee 5e-3->1e-3	netsci	552	base		OO	OO2		10	123	none	-	4.286115842	0.06	0.02	56	2	0	full 13x5 same-session refresh at knee 1e-3; 63/65 codelengths bit-identical to perf-refresh-891
perf-refresh-knee1e3	2026-07-28T17:20:00Z	30	1	single	192de61b0daf72ff458eda90d0e51844	9aa7fea9+knee	F23 knee 5e-3->1e-3	powergrid	4941	base		OO	OO2		10	123	none	-	5.598312358	0.60	0.56	420	2	0	full 13x5 same-session refresh at knee 1e-3; 63/65 codelengths bit-identical to perf-refresh-891
perf-refresh-knee1e3	2026-07-28T17:20:00Z	30	1	single	192de61b0daf72ff458eda90d0e51844	9aa7fea9+knee	F23 knee 5e-3->1e-3	politicalblogs	1046	base	-d	OO	OO2		10	123	none	-	6.740318249	0.13	0.08	74	2	0	full 13x5 same-session refresh at knee 1e-3; 63/65 codelengths bit-identical to perf-refresh-891
perf-refresh-knee1e3	2026-07-28T17:20:00Z	30	1	single	192de61b0daf72ff458eda90d0e51844	9aa7fea9+knee	F23 knee 5e-3->1e-3	science2001	7170	base	-d	OO	OO2		10	123	none	-	7.94913415	4.54	4.40	496	2	0	full 13x5 same-session refresh at knee 1e-3; 63/65 codelengths bit-identical to perf-refresh-891
perf-refresh-knee1e3	2026-07-28T17:20:00Z	30	1	single	192de61b0daf72ff458eda90d0e51844	9aa7fea9+knee	F23 knee 5e-3->1e-3	web-NotreDame	325729	base	-d	OO	OO2		10	123	none	-	6.743679	48.55	47.42	11831	2	0	full 13x5 same-session refresh at knee 1e-3; 63/65 codelengths bit-identical to perf-refresh-891
perf-refresh-knee1e3	2026-07-28T17:20:00Z	30	1	single	192de61b0daf72ff458eda90d0e51844	9aa7fea9+knee	F23 knee 5e-3->1e-3	lazega	69	metadata	--meta-data networks/meta/lazega.meta	OO	OO2		10	123	none	-	6.017860269	0.05	0.01	7	2	0	full 13x5 same-session refresh at knee 1e-3; 63/65 codelengths bit-identical to perf-refresh-891
perf-refresh-knee1e3	2026-07-28T17:20:00Z	30	1	single	192de61b0daf72ff458eda90d0e51844	9aa7fea9+knee	F23 knee 5e-3->1e-3	multilayer	5	multilayer		OO	OO2		10	123	none	-	2.011405238	0.04	0.00	2	2	0	full 13x5 same-session refresh at knee 1e-3; 63/65 codelengths bit-identical to perf-refresh-891
perf-refresh-knee1e3	2026-07-28T17:20:00Z	30	1	single	192de61b0daf72ff458eda90d0e51844	9aa7fea9+knee	F23 knee 5e-3->1e-3	malaria	307	multilayer		OO	OO2		10	123	none	-	7.506531242	8.00	7.87	145	2	0	full 13x5 same-session refresh at knee 1e-3; 63/65 codelengths bit-identical to perf-refresh-891
perf-refresh-knee1e3	2026-07-28T17:20:00Z	30	1	single	192de61b0daf72ff458eda90d0e51844	9aa7fea9+knee	F23 knee 5e-3->1e-3	air30k	13213	state-memory		OO	OO2		10	123	none	-	5.393769623	4.38	4.30	332	2	0	full 13x5 same-session refresh at knee 1e-3; 63/65 codelengths bit-identical to perf-refresh-891
perf-refresh-knee1e3	2026-07-28T17:20:00Z	30	1	single	192de61b0daf72ff458eda90d0e51844	9aa7fea9+knee	F23 knee 5e-3->1e-3	air30k-reg	13213	state-memory	-d --regularized	OO	OO2		10	123	none	-	5.576434058	6.70	6.56	301	2	0	full 13x5 same-session refresh at knee 1e-3; 63/65 codelengths bit-identical to perf-refresh-891
perf-refresh-knee1e3	2026-07-28T17:20:00Z	30	1	single	192de61b0daf72ff458eda90d0e51844	9aa7fea9+knee	F23 knee 5e-3->1e-3	science2001-pref25	7170	base-biased	-d --preferred-number-of-modules 25	OO	OO2		10	123	none	-	8.131241304	6.22	6.07	25	2	0	full 13x5 same-session refresh at knee 1e-3; 63/65 codelengths bit-identical to perf-refresh-891
perf-refresh-knee1e3	2026-07-28T17:20:00Z	30	1	single	192de61b0daf72ff458eda90d0e51844	9aa7fea9+knee	F23 knee 5e-3->1e-3	ninetriangles	27	base		columnar	2C		10	123	none	-	3.517754809	0.09	0.00	9	2	0	full 13x5 same-session refresh at knee 1e-3; 63/65 codelengths bit-identical to perf-refresh-891
perf-refresh-knee1e3	2026-07-28T17:20:00Z	30	1	single	192de61b0daf72ff458eda90d0e51844	9aa7fea9+knee	F23 knee 5e-3->1e-3	jazz	198	base		columnar	2C		10	123	none	-	6.861229775	0.06	0.01	6	2	0	full 13x5 same-session refresh at knee 1e-3; 63/65 codelengths bit-identical to perf-refresh-891
perf-refresh-knee1e3	2026-07-28T17:20:00Z	30	1	single	192de61b0daf72ff458eda90d0e51844	9aa7fea9+knee	F23 knee 5e-3->1e-3	netsci	552	base		columnar	2C		10	123	none	-	4.282287365	0.05	0.01	57	2	0	full 13x5 same-session refresh at knee 1e-3; 63/65 codelengths bit-identical to perf-refresh-891
perf-refresh-knee1e3	2026-07-28T17:20:00Z	30	1	single	192de61b0daf72ff458eda90d0e51844	9aa7fea9+knee	F23 knee 5e-3->1e-3	powergrid	4941	base		columnar	2C		10	123	none	-	5.633955759	0.15	0.11	426	2	0	full 13x5 same-session refresh at knee 1e-3; 63/65 codelengths bit-identical to perf-refresh-891
perf-refresh-knee1e3	2026-07-28T17:20:00Z	30	1	single	192de61b0daf72ff458eda90d0e51844	9aa7fea9+knee	F23 knee 5e-3->1e-3	politicalblogs	1046	base	-d	columnar	2C		10	123	none	-	6.739186079	0.09	0.05	81	2	0	full 13x5 same-session refresh at knee 1e-3; 63/65 codelengths bit-identical to perf-refresh-891
perf-refresh-knee1e3	2026-07-28T17:20:00Z	30	1	single	192de61b0daf72ff458eda90d0e51844	9aa7fea9+knee	F23 knee 5e-3->1e-3	science2001	7170	base	-d	columnar	2C		10	123	none	-	7.949470874	3.26	2.69	508	2	0	full 13x5 same-session refresh at knee 1e-3; 63/65 codelengths bit-identical to perf-refresh-891
perf-refresh-knee1e3	2026-07-28T17:20:00Z	30	1	single	192de61b0daf72ff458eda90d0e51844	9aa7fea9+knee	F23 knee 5e-3->1e-3	web-NotreDame	325729	base	-d	columnar	2C		10	123	none	-	6.75083498	22.54	21.55	11687	2	0	full 13x5 same-session refresh at knee 1e-3; 63/65 codelengths bit-identical to perf-refresh-891
perf-refresh-knee1e3	2026-07-28T17:20:00Z	30	1	single	192de61b0daf72ff458eda90d0e51844	9aa7fea9+knee	F23 knee 5e-3->1e-3	lazega	69	metadata	--meta-data networks/meta/lazega.meta	columnar	2C		10	123	none	-	6.017860269	0.04	0.00	7	2	0	full 13x5 same-session refresh at knee 1e-3; 63/65 codelengths bit-identical to perf-refresh-891
perf-refresh-knee1e3	2026-07-28T17:20:00Z	30	1	single	192de61b0daf72ff458eda90d0e51844	9aa7fea9+knee	F23 knee 5e-3->1e-3	multilayer	5	multilayer		columnar	2C		10	123	none	-	2.011405238	0.04	0.00	2	2	0	full 13x5 same-session refresh at knee 1e-3; 63/65 codelengths bit-identical to perf-refresh-891
perf-refresh-knee1e3	2026-07-28T17:20:00Z	30	1	single	192de61b0daf72ff458eda90d0e51844	9aa7fea9+knee	F23 knee 5e-3->1e-3	malaria	307	multilayer		columnar	2C		10	123	none	-	7.422254572	2.99	2.86	163	2	0	full 13x5 same-session refresh at knee 1e-3; 63/65 codelengths bit-identical to perf-refresh-891
perf-refresh-knee1e3	2026-07-28T17:20:00Z	30	1	single	192de61b0daf72ff458eda90d0e51844	9aa7fea9+knee	F23 knee 5e-3->1e-3	air30k	13213	state-memory		columnar	2C		10	123	none	-	5.392623377	3.85	3.79	336	2	0	full 13x5 same-session refresh at knee 1e-3; 63/65 codelengths bit-identical to perf-refresh-891
perf-refresh-knee1e3	2026-07-28T17:20:00Z	30	1	single	192de61b0daf72ff458eda90d0e51844	9aa7fea9+knee	F23 knee 5e-3->1e-3	air30k-reg	13213	state-memory	-d --regularized	columnar	2C		10	123	none	-	5.575408572	3.87	3.80	303	2	0	full 13x5 same-session refresh at knee 1e-3; 63/65 codelengths bit-identical to perf-refresh-891
perf-refresh-knee1e3	2026-07-28T17:20:00Z	30	1	single	192de61b0daf72ff458eda90d0e51844	9aa7fea9+knee	F23 knee 5e-3->1e-3	science2001-pref25	7170	base-biased	-d --preferred-number-of-modules 25	columnar	2C		10	123	none	-	8.23577532	3.19	3.10	25	2	0	full 13x5 same-session refresh at knee 1e-3; 63/65 codelengths bit-identical to perf-refresh-891
perf-refresh-partseed	2026-08-10T14:30:00Z	60	1	single		fed73245+partseed	PR#985 F25 partial seeding	ninetriangles	27	base		OO	OO		10	123	none	-	3.38583082	0.32	0.00	3	3	0	full 13x5 same-session refresh; 62/65 codelengths bit-identical to perf-refresh-knee1e3; heavy load (avg 55-70), absolute walls ~35% inflated vs that batch
perf-refresh-partseed	2026-08-10T14:30:00Z	60	1	single		fed73245+partseed	PR#985 F25 partial seeding	jazz	198	base		OO	OO		10	123	none	-	6.861229775	0.07	0.02	6	2	0	full 13x5 same-session refresh; 62/65 codelengths bit-identical to perf-refresh-knee1e3; heavy load (avg 55-70), absolute walls ~35% inflated vs that batch
perf-refresh-partseed	2026-08-10T14:30:00Z	60	1	single		fed73245+partseed	PR#985 F25 partial seeding	netsci	552	base		OO	OO		10	123	none	-	4.043215101	0.17	0.12	2	5	0	full 13x5 same-session refresh; 62/65 codelengths bit-identical to perf-refresh-knee1e3; heavy load (avg 55-70), absolute walls ~35% inflated vs that batch
perf-refresh-partseed	2026-08-10T14:30:00Z	60	1	single		fed73245+partseed	PR#985 F25 partial seeding	powergrid	4941	base		OO	OO		10	123	none	-	4.756483889	2.49	2.12	5	6	0	full 13x5 same-session refresh; 62/65 codelengths bit-identical to perf-refresh-knee1e3; heavy load (avg 55-70), absolute walls ~35% inflated vs that batch
perf-refresh-partseed	2026-08-10T14:30:00Z	60	1	single		fed73245+partseed	PR#985 F25 partial seeding	politicalblogs	1046	base	-d	OO	OO		10	123	none	-	6.739524814	0.38	0.20	74	3	0	full 13x5 same-session refresh; 62/65 codelengths bit-identical to perf-refresh-knee1e3; heavy load (avg 55-70), absolute walls ~35% inflated vs that batch
perf-refresh-partseed	2026-08-10T14:30:00Z	60	1	single		fed73245+partseed	PR#985 F25 partial seeding	science2001	7170	base	-d	OO	OO		10	123	none	-	7.834280583	13.37	10.75	12	4	0	full 13x5 same-session refresh; 62/65 codelengths bit-identical to perf-refresh-knee1e3; heavy load (avg 55-70), absolute walls ~35% inflated vs that batch
perf-refresh-partseed	2026-08-10T14:30:00Z	60	1	single		fed73245+partseed	PR#985 F25 partial seeding	web-NotreDame	325729	base	-d	OO	OO		10	123	none	-	5.56604138	249.82	199.03	19	13	0	full 13x5 same-session refresh; 62/65 codelengths bit-identical to perf-refresh-knee1e3; heavy load (avg 55-70), absolute walls ~35% inflated vs that batch
perf-refresh-partseed	2026-08-10T14:30:00Z	60	1	single		fed73245+partseed	PR#985 F25 partial seeding	lazega	69	metadata	--meta-data networks/meta/lazega.meta	OO	OO		10	123	none	-	6.017860269	0.05	0.01	7	2	0	full 13x5 same-session refresh; 62/65 codelengths bit-identical to perf-refresh-knee1e3; heavy load (avg 55-70), absolute walls ~35% inflated vs that batch
perf-refresh-partseed	2026-08-10T14:30:00Z	60	1	single		fed73245+partseed	PR#985 F25 partial seeding	multilayer	5	multilayer		OO	OO		10	123	none	-	2.011405238	0.05	0.00	2	2	0	full 13x5 same-session refresh; 62/65 codelengths bit-identical to perf-refresh-knee1e3; heavy load (avg 55-70), absolute walls ~35% inflated vs that batch
perf-refresh-partseed	2026-08-10T14:30:00Z	60	1	single		fed73245+partseed	PR#985 F25 partial seeding	malaria	307	multilayer		OO	OO		10	123	none	-	7.503378959	12.98	11.71	145	3	0	full 13x5 same-session refresh; 62/65 codelengths bit-identical to perf-refresh-knee1e3; heavy load (avg 55-70), absolute walls ~35% inflated vs that batch
perf-refresh-partseed	2026-08-10T14:30:00Z	60	1	single		fed73245+partseed	PR#985 F25 partial seeding	air30k	13213	state-memory		OO	OO		10	123	none	-	5.393955343	14.61	13.57	18	4	0	full 13x5 same-session refresh; 62/65 codelengths bit-identical to perf-refresh-knee1e3; heavy load (avg 55-70), absolute walls ~35% inflated vs that batch
perf-refresh-partseed	2026-08-10T14:30:00Z	60	1	single		fed73245+partseed	PR#985 F25 partial seeding	air30k-reg	13213	state-memory	-d --regularized	OO	OO		10	123	none	-	5.575652802	11.46	9.91	301	3	0	full 13x5 same-session refresh; 62/65 codelengths bit-identical to perf-refresh-knee1e3; heavy load (avg 55-70), absolute walls ~35% inflated vs that batch
perf-refresh-partseed	2026-08-10T14:30:00Z	60	1	single		fed73245+partseed	PR#985 F25 partial seeding	science2001-pref25	7170	base-biased	-d --preferred-number-of-modules 25	OO	OO		10	123	none	-	7.928000301	9.95	9.23	25	4	0	full 13x5 same-session refresh; 62/65 codelengths bit-identical to perf-refresh-knee1e3; heavy load (avg 55-70), absolute walls ~35% inflated vs that batch
perf-refresh-partseed	2026-08-10T14:30:00Z	60	1	single		fed73245+partseed	PR#985 F25 partial seeding	ninetriangles	27	base		columnar	C	1e-3	10	123	partseed	bnd q=0.40 re-refine	3.38583082	0.04	0.00	3	3	0	full 13x5 same-session refresh; 62/65 codelengths bit-identical to perf-refresh-knee1e3; heavy load (avg 55-70), absolute walls ~35% inflated vs that batch
perf-refresh-partseed	2026-08-10T14:30:00Z	60	1	single		fed73245+partseed	PR#985 F25 partial seeding	jazz	198	base		columnar	C	1e-3	10	123	partseed	bnd q=0.40 re-refine	6.861229775	0.05	0.01	6	2	0	full 13x5 same-session refresh; 62/65 codelengths bit-identical to perf-refresh-knee1e3; heavy load (avg 55-70), absolute walls ~35% inflated vs that batch
perf-refresh-partseed	2026-08-10T14:30:00Z	60	1	single		fed73245+partseed	PR#985 F25 partial seeding	netsci	552	base		columnar	C	1e-3	10	123	partseed	bnd q=0.40 re-refine	4.049603407	0.07	0.03	3	4	0	full 13x5 same-session refresh; 62/65 codelengths bit-identical to perf-refresh-knee1e3; heavy load (avg 55-70), absolute walls ~35% inflated vs that batch
perf-refresh-partseed	2026-08-10T14:30:00Z	60	1	single		fed73245+partseed	PR#985 F25 partial seeding	powergrid	4941	base		columnar	C	1e-3	10	123	partseed	bnd q=0.40 re-refine	4.739334923	0.55	0.40	5	5	0	full 13x5 same-session refresh; 62/65 codelengths bit-identical to perf-refresh-knee1e3; heavy load (avg 55-70), absolute walls ~35% inflated vs that batch
perf-refresh-partseed	2026-08-10T14:30:00Z	60	1	single		fed73245+partseed	PR#985 F25 partial seeding	politicalblogs	1046	base	-d	columnar	C	1e-3	10	123	partseed	bnd q=0.40 re-refine	6.74058207	0.11	0.07	78	2	0	full 13x5 same-session refresh; 62/65 codelengths bit-identical to perf-refresh-knee1e3; heavy load (avg 55-70), absolute walls ~35% inflated vs that batch
perf-refresh-partseed	2026-08-10T14:30:00Z	60	1	single		fed73245+partseed	PR#985 F25 partial seeding	science2001	7170	base	-d	columnar	C	1e-3	10	123	partseed	bnd q=0.40 re-refine	7.833436601	4.08	3.59	15	3	0	full 13x5 same-session refresh; 62/65 codelengths bit-identical to perf-refresh-knee1e3; heavy load (avg 55-70), absolute walls ~35% inflated vs that batch
perf-refresh-partseed	2026-08-10T14:30:00Z	60	1	single		fed73245+partseed	PR#985 F25 partial seeding	web-NotreDame	325729	base	-d	columnar	C	1e-3	10	123	partseed	bnd q=0.40 re-refine	5.560674868	37.32	30.76	5	6	0	full 13x5 same-session refresh; 62/65 codelengths bit-identical to perf-refresh-knee1e3; heavy load (avg 55-70), absolute walls ~35% inflated vs that batch
perf-refresh-partseed	2026-08-10T14:30:00Z	60	1	single		fed73245+partseed	PR#985 F25 partial seeding	lazega	69	metadata	--meta-data networks/meta/lazega.meta	columnar	C	1e-3	10	123	partseed	bnd q=0.40 re-refine	6.017860269	0.07	0.00	7	2	0	full 13x5 same-session refresh; 62/65 codelengths bit-identical to perf-refresh-knee1e3; heavy load (avg 55-70), absolute walls ~35% inflated vs that batch
perf-refresh-partseed	2026-08-10T14:30:00Z	60	1	single		fed73245+partseed	PR#985 F25 partial seeding	multilayer	5	multilayer		columnar	C	1e-3	10	123	partseed	bnd q=0.40 re-refine	2.011405238	0.04	0.00	2	2	0	full 13x5 same-session refresh; 62/65 codelengths bit-identical to perf-refresh-knee1e3; heavy load (avg 55-70), absolute walls ~35% inflated vs that batch
perf-refresh-partseed	2026-08-10T14:30:00Z	60	1	single		fed73245+partseed	PR#985 F25 partial seeding	malaria	307	multilayer		columnar	C	1e-3	10	123	partseed	bnd q=0.40 re-refine	7.422254572	4.37	3.93	163	2	0	full 13x5 same-session refresh; 62/65 codelengths bit-identical to perf-refresh-knee1e3; heavy load (avg 55-70), absolute walls ~35% inflated vs that batch
perf-refresh-partseed	2026-08-10T14:30:00Z	60	1	single		fed73245+partseed	PR#985 F25 partial seeding	air30k	13213	state-memory		columnar	C	1e-3	10	123	partseed	bnd q=0.40 re-refine	5.393664418	4.88	4.47	20	3	0	full 13x5 same-session refresh; 62/65 codelengths bit-identical to perf-refresh-knee1e3; heavy load (avg 55-70), absolute walls ~35% inflated vs that batch
perf-refresh-partseed	2026-08-10T14:30:00Z	60	1	single		fed73245+partseed	PR#985 F25 partial seeding	air30k-reg	13213	state-memory	-d --regularized	columnar	C	1e-3	10	123	partseed	bnd q=0.40 re-refine	5.576024192	5.32	4.67	11	3	0	full 13x5 same-session refresh; 62/65 codelengths bit-identical to perf-refresh-knee1e3; heavy load (avg 55-70), absolute walls ~35% inflated vs that batch
perf-refresh-partseed	2026-08-10T14:30:00Z	60	1	single		fed73245+partseed	PR#985 F25 partial seeding	science2001-pref25	7170	base-biased	-d --preferred-number-of-modules 25	columnar	C	1e-3	10	123	partseed	bnd q=0.40 re-refine	8.238350558	4.63	3.93	25	2	0	full 13x5 same-session refresh; 62/65 codelengths bit-identical to perf-refresh-knee1e3; heavy load (avg 55-70), absolute walls ~35% inflated vs that batch
perf-refresh-partseed	2026-08-10T14:30:00Z	60	1	single		fed73245+partseed	PR#985 F25 partial seeding	ninetriangles	27	base		columnar	CF	1e-3	10	123	partseed	bnd q=0.40 re-refine	3.38583082	0.05	0.00	3	3	0	full 13x5 same-session refresh; 62/65 codelengths bit-identical to perf-refresh-knee1e3; heavy load (avg 55-70), absolute walls ~35% inflated vs that batch
perf-refresh-partseed	2026-08-10T14:30:00Z	60	1	single		fed73245+partseed	PR#985 F25 partial seeding	jazz	198	base		columnar	CF	1e-3	10	123	partseed	bnd q=0.40 re-refine	6.861229775	0.05	0.01	6	2	0	full 13x5 same-session refresh; 62/65 codelengths bit-identical to perf-refresh-knee1e3; heavy load (avg 55-70), absolute walls ~35% inflated vs that batch
perf-refresh-partseed	2026-08-10T14:30:00Z	60	1	single		fed73245+partseed	PR#985 F25 partial seeding	netsci	552	base		columnar	CF	1e-3	10	123	partseed	bnd q=0.40 re-refine	4.064283778	0.07	0.02	3	4	0	full 13x5 same-session refresh; 62/65 codelengths bit-identical to perf-refresh-knee1e3; heavy load (avg 55-70), absolute walls ~35% inflated vs that batch
perf-refresh-partseed	2026-08-10T14:30:00Z	60	1	single		fed73245+partseed	PR#985 F25 partial seeding	powergrid	4941	base		columnar	CF	1e-3	10	123	partseed	bnd q=0.40 re-refine	4.772176996	0.22	0.17	5	5	0	full 13x5 same-session refresh; 62/65 codelengths bit-identical to perf-refresh-knee1e3; heavy load (avg 55-70), absolute walls ~35% inflated vs that batch
perf-refresh-partseed	2026-08-10T14:30:00Z	60	1	single		fed73245+partseed	PR#985 F25 partial seeding	politicalblogs	1046	base	-d	columnar	CF	1e-3	10	123	partseed	bnd q=0.40 re-refine	6.74058207	0.14	0.08	78	2	0	full 13x5 same-session refresh; 62/65 codelengths bit-identical to perf-refresh-knee1e3; heavy load (avg 55-70), absolute walls ~35% inflated vs that batch
perf-refresh-partseed	2026-08-10T14:30:00Z	60	1	single		fed73245+partseed	PR#985 F25 partial seeding	science2001	7170	base	-d	columnar	CF	1e-3	10	123	partseed	bnd q=0.40 re-refine	7.833436601	3.95	3.46	15	3	0	full 13x5 same-session refresh; 62/65 codelengths bit-identical to perf-refresh-knee1e3; heavy load (avg 55-70), absolute walls ~35% inflated vs that batch
perf-refresh-partseed	2026-08-10T14:30:00Z	60	1	single		fed73245+partseed	PR#985 F25 partial seeding	web-NotreDame	325729	base	-d	columnar	CF	1e-3	10	123	partseed	bnd q=0.40 re-refine	5.624483179	32.44	20.51	2	5	0	full 13x5 same-session refresh; 62/65 codelengths bit-identical to perf-refresh-knee1e3; heavy load (avg 55-70), absolute walls ~35% inflated vs that batch
perf-refresh-partseed	2026-08-10T14:30:00Z	60	1	single		fed73245+partseed	PR#985 F25 partial seeding	lazega	69	metadata	--meta-data networks/meta/lazega.meta	columnar	CF	1e-3	10	123	partseed	bnd q=0.40 re-refine	6.017860269	0.05	0.00	7	2	0	full 13x5 same-session refresh; 62/65 codelengths bit-identical to perf-refresh-knee1e3; heavy load (avg 55-70), absolute walls ~35% inflated vs that batch
perf-refresh-partseed	2026-08-10T14:30:00Z	60	1	single		fed73245+partseed	PR#985 F25 partial seeding	multilayer	5	multilayer		columnar	CF	1e-3	10	123	partseed	bnd q=0.40 re-refine	2.011405238	0.04	0.00	2	2	0	full 13x5 same-session refresh; 62/65 codelengths bit-identical to perf-refresh-knee1e3; heavy load (avg 55-70), absolute walls ~35% inflated vs that batch
perf-refresh-partseed	2026-08-10T14:30:00Z	60	1	single		fed73245+partseed	PR#985 F25 partial seeding	malaria	307	multilayer		columnar	CF	1e-3	10	123	partseed	bnd q=0.40 re-refine	7.422254572	4.56	3.99	163	2	0	full 13x5 same-session refresh; 62/65 codelengths bit-identical to perf-refresh-knee1e3; heavy load (avg 55-70), absolute walls ~35% inflated vs that batch
perf-refresh-partseed	2026-08-10T14:30:00Z	60	1	single		fed73245+partseed	PR#985 F25 partial seeding	air30k	13213	state-memory		columnar	CF	1e-3	10	123	partseed	bnd q=0.40 re-refine	5.393664418	5.17	4.49	20	3	0	full 13x5 same-session refresh; 62/65 codelengths bit-identical to perf-refresh-knee1e3; heavy load (avg 55-70), absolute walls ~35% inflated vs that batch
perf-refresh-partseed	2026-08-10T14:30:00Z	60	1	single		fed73245+partseed	PR#985 F25 partial seeding	air30k-reg	13213	state-memory	-d --regularized	columnar	CF	1e-3	10	123	partseed	bnd q=0.40 re-refine	5.576024192	4.60	4.14	11	3	0	full 13x5 same-session refresh; 62/65 codelengths bit-identical to perf-refresh-knee1e3; heavy load (avg 55-70), absolute walls ~35% inflated vs that batch
perf-refresh-partseed	2026-08-10T14:30:00Z	60	1	single		fed73245+partseed	PR#985 F25 partial seeding	science2001-pref25	7170	base-biased	-d --preferred-number-of-modules 25	columnar	CF	1e-3	10	123	partseed	bnd q=0.40 re-refine	8.238350558	4.05	3.61	25	2	0	full 13x5 same-session refresh; 62/65 codelengths bit-identical to perf-refresh-knee1e3; heavy load (avg 55-70), absolute walls ~35% inflated vs that batch
perf-refresh-partseed	2026-08-10T14:30:00Z	60	1	single		fed73245+partseed	PR#985 F25 partial seeding	ninetriangles	27	base		OO	OO2		10	123	none	-	3.517754809	0.05	0.00	9	2	0	full 13x5 same-session refresh; 62/65 codelengths bit-identical to perf-refresh-knee1e3; heavy load (avg 55-70), absolute walls ~35% inflated vs that batch
perf-refresh-partseed	2026-08-10T14:30:00Z	60	1	single		fed73245+partseed	PR#985 F25 partial seeding	jazz	198	base		OO	OO2		10	123	none	-	6.861229775	0.06	0.01	6	2	0	full 13x5 same-session refresh; 62/65 codelengths bit-identical to perf-refresh-knee1e3; heavy load (avg 55-70), absolute walls ~35% inflated vs that batch
perf-refresh-partseed	2026-08-10T14:30:00Z	60	1	single		fed73245+partseed	PR#985 F25 partial seeding	netsci	552	base		OO	OO2		10	123	none	-	4.286115842	0.07	0.02	56	2	0	full 13x5 same-session refresh; 62/65 codelengths bit-identical to perf-refresh-knee1e3; heavy load (avg 55-70), absolute walls ~35% inflated vs that batch
perf-refresh-partseed	2026-08-10T14:30:00Z	60	1	single		fed73245+partseed	PR#985 F25 partial seeding	powergrid	4941	base		OO	OO2		10	123	none	-	5.598312358	0.72	0.63	420	2	0	full 13x5 same-session refresh; 62/65 codelengths bit-identical to perf-refresh-knee1e3; heavy load (avg 55-70), absolute walls ~35% inflated vs that batch
perf-refresh-partseed	2026-08-10T14:30:00Z	60	1	single		fed73245+partseed	PR#985 F25 partial seeding	politicalblogs	1046	base	-d	OO	OO2		10	123	none	-	6.740318249	0.15	0.10	74	2	0	full 13x5 same-session refresh; 62/65 codelengths bit-identical to perf-refresh-knee1e3; heavy load (avg 55-70), absolute walls ~35% inflated vs that batch
perf-refresh-partseed	2026-08-10T14:30:00Z	60	1	single		fed73245+partseed	PR#985 F25 partial seeding	science2001	7170	base	-d	OO	OO2		10	123	none	-	7.94913415	6.67	5.03	496	2	0	full 13x5 same-session refresh; 62/65 codelengths bit-identical to perf-refresh-knee1e3; heavy load (avg 55-70), absolute walls ~35% inflated vs that batch
perf-refresh-partseed	2026-08-10T14:30:00Z	60	1	single		fed73245+partseed	PR#985 F25 partial seeding	web-NotreDame	325729	base	-d	OO	OO2		10	123	none	-	6.743679	62.80	54.22	11831	2	0	full 13x5 same-session refresh; 62/65 codelengths bit-identical to perf-refresh-knee1e3; heavy load (avg 55-70), absolute walls ~35% inflated vs that batch
perf-refresh-partseed	2026-08-10T14:30:00Z	60	1	single		fed73245+partseed	PR#985 F25 partial seeding	lazega	69	metadata	--meta-data networks/meta/lazega.meta	OO	OO2		10	123	none	-	6.017860269	0.06	0.01	7	2	0	full 13x5 same-session refresh; 62/65 codelengths bit-identical to perf-refresh-knee1e3; heavy load (avg 55-70), absolute walls ~35% inflated vs that batch
perf-refresh-partseed	2026-08-10T14:30:00Z	60	1	single		fed73245+partseed	PR#985 F25 partial seeding	multilayer	5	multilayer		OO	OO2		10	123	none	-	2.011405238	0.06	0.00	2	2	0	full 13x5 same-session refresh; 62/65 codelengths bit-identical to perf-refresh-knee1e3; heavy load (avg 55-70), absolute walls ~35% inflated vs that batch
perf-refresh-partseed	2026-08-10T14:30:00Z	60	1	single		fed73245+partseed	PR#985 F25 partial seeding	malaria	307	multilayer		OO	OO2		10	123	none	-	7.506531242	9.40	8.55	145	2	0	full 13x5 same-session refresh; 62/65 codelengths bit-identical to perf-refresh-knee1e3; heavy load (avg 55-70), absolute walls ~35% inflated vs that batch
perf-refresh-partseed	2026-08-10T14:30:00Z	60	1	single		fed73245+partseed	PR#985 F25 partial seeding	air30k	13213	state-memory		OO	OO2		10	123	none	-	5.393769623	5.84	4.98	332	2	0	full 13x5 same-session refresh; 62/65 codelengths bit-identical to perf-refresh-knee1e3; heavy load (avg 55-70), absolute walls ~35% inflated vs that batch
perf-refresh-partseed	2026-08-10T14:30:00Z	60	1	single		fed73245+partseed	PR#985 F25 partial seeding	air30k-reg	13213	state-memory	-d --regularized	OO	OO2		10	123	none	-	5.576434058	8.24	7.32	301	2	0	full 13x5 same-session refresh; 62/65 codelengths bit-identical to perf-refresh-knee1e3; heavy load (avg 55-70), absolute walls ~35% inflated vs that batch
perf-refresh-partseed	2026-08-10T14:30:00Z	60	1	single		fed73245+partseed	PR#985 F25 partial seeding	science2001-pref25	7170	base-biased	-d --preferred-number-of-modules 25	OO	OO2		10	123	none	-	8.131241304	7.50	6.72	25	2	0	full 13x5 same-session refresh; 62/65 codelengths bit-identical to perf-refresh-knee1e3; heavy load (avg 55-70), absolute walls ~35% inflated vs that batch
perf-refresh-partseed	2026-08-10T14:30:00Z	60	1	single		fed73245+partseed	PR#985 F25 partial seeding	ninetriangles	27	base		columnar	2C		10	123	none	-	3.517754809	0.04	0.00	9	2	0	full 13x5 same-session refresh; 62/65 codelengths bit-identical to perf-refresh-knee1e3; heavy load (avg 55-70), absolute walls ~35% inflated vs that batch
perf-refresh-partseed	2026-08-10T14:30:00Z	60	1	single		fed73245+partseed	PR#985 F25 partial seeding	jazz	198	base		columnar	2C		10	123	none	-	6.861229775	0.06	0.01	6	2	0	full 13x5 same-session refresh; 62/65 codelengths bit-identical to perf-refresh-knee1e3; heavy load (avg 55-70), absolute walls ~35% inflated vs that batch
perf-refresh-partseed	2026-08-10T14:30:00Z	60	1	single		fed73245+partseed	PR#985 F25 partial seeding	netsci	552	base		columnar	2C		10	123	none	-	4.282287365	0.05	0.01	57	2	0	full 13x5 same-session refresh; 62/65 codelengths bit-identical to perf-refresh-knee1e3; heavy load (avg 55-70), absolute walls ~35% inflated vs that batch
perf-refresh-partseed	2026-08-10T14:30:00Z	60	1	single		fed73245+partseed	PR#985 F25 partial seeding	powergrid	4941	base		columnar	2C		10	123	none	-	5.633955759	0.17	0.12	426	2	0	full 13x5 same-session refresh; 62/65 codelengths bit-identical to perf-refresh-knee1e3; heavy load (avg 55-70), absolute walls ~35% inflated vs that batch
perf-refresh-partseed	2026-08-10T14:30:00Z	60	1	single		fed73245+partseed	PR#985 F25 partial seeding	politicalblogs	1046	base	-d	columnar	2C		10	123	none	-	6.739186079	0.09	0.05	81	2	0	full 13x5 same-session refresh; 62/65 codelengths bit-identical to perf-refresh-knee1e3; heavy load (avg 55-70), absolute walls ~35% inflated vs that batch
perf-refresh-partseed	2026-08-10T14:30:00Z	60	1	single		fed73245+partseed	PR#985 F25 partial seeding	science2001	7170	base	-d	columnar	2C		10	123	none	-	7.949470874	3.15	2.73	508	2	0	full 13x5 same-session refresh; 62/65 codelengths bit-identical to perf-refresh-knee1e3; heavy load (avg 55-70), absolute walls ~35% inflated vs that batch
perf-refresh-partseed	2026-08-10T14:30:00Z	60	1	single		fed73245+partseed	PR#985 F25 partial seeding	web-NotreDame	325729	base	-d	columnar	2C		10	123	none	-	6.75083498	32.70	24.87	11687	2	0	full 13x5 same-session refresh; 62/65 codelengths bit-identical to perf-refresh-knee1e3; heavy load (avg 55-70), absolute walls ~35% inflated vs that batch
perf-refresh-partseed	2026-08-10T14:30:00Z	60	1	single		fed73245+partseed	PR#985 F25 partial seeding	lazega	69	metadata	--meta-data networks/meta/lazega.meta	columnar	2C		10	123	none	-	6.017860269	0.05	0.00	7	2	0	full 13x5 same-session refresh; 62/65 codelengths bit-identical to perf-refresh-knee1e3; heavy load (avg 55-70), absolute walls ~35% inflated vs that batch
perf-refresh-partseed	2026-08-10T14:30:00Z	60	1	single		fed73245+partseed	PR#985 F25 partial seeding	multilayer	5	multilayer		columnar	2C		10	123	none	-	2.011405238	0.04	0.00	2	2	0	full 13x5 same-session refresh; 62/65 codelengths bit-identical to perf-refresh-knee1e3; heavy load (avg 55-70), absolute walls ~35% inflated vs that batch
perf-refresh-partseed	2026-08-10T14:30:00Z	60	1	single		fed73245+partseed	PR#985 F25 partial seeding	malaria	307	multilayer		columnar	2C		10	123	none	-	7.422254572	3.04	2.92	163	2	0	full 13x5 same-session refresh; 62/65 codelengths bit-identical to perf-refresh-knee1e3; heavy load (avg 55-70), absolute walls ~35% inflated vs that batch
perf-refresh-partseed	2026-08-10T14:30:00Z	60	1	single		fed73245+partseed	PR#985 F25 partial seeding	air30k	13213	state-memory		columnar	2C		10	123	none	-	5.392623377	4.71	4.29	336	2	0	full 13x5 same-session refresh; 62/65 codelengths bit-identical to perf-refresh-knee1e3; heavy load (avg 55-70), absolute walls ~35% inflated vs that batch
perf-refresh-partseed	2026-08-10T14:30:00Z	60	1	single		fed73245+partseed	PR#985 F25 partial seeding	air30k-reg	13213	state-memory	-d --regularized	columnar	2C		10	123	none	-	5.575408572	4.25	4.03	303	2	0	full 13x5 same-session refresh; 62/65 codelengths bit-identical to perf-refresh-knee1e3; heavy load (avg 55-70), absolute walls ~35% inflated vs that batch
perf-refresh-partseed	2026-08-10T14:30:00Z	60	1	single		fed73245+partseed	PR#985 F25 partial seeding	science2001-pref25	7170	base-biased	-d --preferred-number-of-modules 25	columnar	2C		10	123	none	-	8.23577532	3.25	3.18	25	2	0	full 13x5 same-session refresh; 62/65 codelengths bit-identical to perf-refresh-knee1e3; heavy load (avg 55-70), absolute walls ~35% inflated vs that batch
perf-refresh-partseed-quiet	2026-08-10T15:40:00Z	3.7	1	single		fed73245+partseed	PR#985 F25 partial seeding	ninetriangles	27	base		OO	OO		10	123	none	-	3.38583082	0.08	0.01	3	3	0	IDLE MACHINE (load 3.7) - this is the batch the shipped tables use; supersedes perf-refresh-partseed (load 60) for timing, codelengths identical between the two
perf-refresh-partseed-quiet	2026-08-10T15:40:00Z	3.7	1	single		fed73245+partseed	PR#985 F25 partial seeding	jazz	198	base		OO	OO		10	123	none	-	6.861229775	0.06	0.02	6	2	0	IDLE MACHINE (load 3.7) - this is the batch the shipped tables use; supersedes perf-refresh-partseed (load 60) for timing, codelengths identical between the two
perf-refresh-partseed-quiet	2026-08-10T15:40:00Z	3.7	1	single		fed73245+partseed	PR#985 F25 partial seeding	netsci	552	base		OO	OO		10	123	none	-	4.043215101	0.16	0.12	2	5	0	IDLE MACHINE (load 3.7) - this is the batch the shipped tables use; supersedes perf-refresh-partseed (load 60) for timing, codelengths identical between the two
perf-refresh-partseed-quiet	2026-08-10T15:40:00Z	3.7	1	single		fed73245+partseed	PR#985 F25 partial seeding	powergrid	4941	base		OO	OO		10	123	none	-	4.756483889	1.89	1.85	5	6	0	IDLE MACHINE (load 3.7) - this is the batch the shipped tables use; supersedes perf-refresh-partseed (load 60) for timing, codelengths identical between the two
perf-refresh-partseed-quiet	2026-08-10T15:40:00Z	3.7	1	single		fed73245+partseed	PR#985 F25 partial seeding	politicalblogs	1046	base	-d	OO	OO		10	123	none	-	6.739524814	0.19	0.15	74	3	0	IDLE MACHINE (load 3.7) - this is the batch the shipped tables use; supersedes perf-refresh-partseed (load 60) for timing, codelengths identical between the two
perf-refresh-partseed-quiet	2026-08-10T15:40:00Z	3.7	1	single		fed73245+partseed	PR#985 F25 partial seeding	science2001	7170	base	-d	OO	OO		10	123	none	-	7.834280583	8.84	8.72	12	4	0	IDLE MACHINE (load 3.7) - this is the batch the shipped tables use; supersedes perf-refresh-partseed (load 60) for timing, codelengths identical between the two
perf-refresh-partseed-quiet	2026-08-10T15:40:00Z	3.7	1	single		fed73245+partseed	PR#985 F25 partial seeding	web-NotreDame	325729	base	-d	OO	OO		10	123	none	-	5.56604138	158.29	157.76	19	13	0	IDLE MACHINE (load 3.7) - this is the batch the shipped tables use; supersedes perf-refresh-partseed (load 60) for timing, codelengths identical between the two
perf-refresh-partseed-quiet	2026-08-10T15:40:00Z	3.7	1	single		fed73245+partseed	PR#985 F25 partial seeding	lazega	69	metadata	--meta-data networks/meta/lazega.meta	OO	OO		10	123	none	-	6.017860269	0.05	0.01	7	2	0	IDLE MACHINE (load 3.7) - this is the batch the shipped tables use; supersedes perf-refresh-partseed (load 60) for timing, codelengths identical between the two
perf-refresh-partseed-quiet	2026-08-10T15:40:00Z	3.7	1	single		fed73245+partseed	PR#985 F25 partial seeding	multilayer	5	multilayer		OO	OO		10	123	none	-	2.011405238	0.04	0.00	2	2	0	IDLE MACHINE (load 3.7) - this is the batch the shipped tables use; supersedes perf-refresh-partseed (load 60) for timing, codelengths identical between the two
perf-refresh-partseed-quiet	2026-08-10T15:40:00Z	3.7	1	single		fed73245+partseed	PR#985 F25 partial seeding	malaria	307	multilayer		OO	OO		10	123	none	-	7.503378959	10.18	10.12	145	3	0	IDLE MACHINE (load 3.7) - this is the batch the shipped tables use; supersedes perf-refresh-partseed (load 60) for timing, codelengths identical between the two
perf-refresh-partseed-quiet	2026-08-10T15:40:00Z	3.7	1	single		fed73245+partseed	PR#985 F25 partial seeding	air30k	13213	state-memory		OO	OO		10	123	none	-	5.393955343	12.13	12.06	18	4	0	IDLE MACHINE (load 3.7) - this is the batch the shipped tables use; supersedes perf-refresh-partseed (load 60) for timing, codelengths identical between the two
perf-refresh-partseed-quiet	2026-08-10T15:40:00Z	3.7	1	single		fed73245+partseed	PR#985 F25 partial seeding	air30k-reg	13213	state-memory	-d --regularized	OO	OO		10	123	none	-	5.575652802	8.50	8.45	301	3	0	IDLE MACHINE (load 3.7) - this is the batch the shipped tables use; supersedes perf-refresh-partseed (load 60) for timing, codelengths identical between the two
perf-refresh-partseed-quiet	2026-08-10T15:40:00Z	3.7	1	single		fed73245+partseed	PR#985 F25 partial seeding	science2001-pref25	7170	base-biased	-d --preferred-number-of-modules 25	OO	OO		10	123	none	-	7.928000301	8.23	8.17	25	4	0	IDLE MACHINE (load 3.7) - this is the batch the shipped tables use; supersedes perf-refresh-partseed (load 60) for timing, codelengths identical between the two
perf-refresh-partseed-quiet	2026-08-10T15:40:00Z	3.7	1	single		fed73245+partseed	PR#985 F25 partial seeding	ninetriangles	27	base		columnar	C	1e-3	10	123	partseed	bnd q=0.40 re-refine	3.38583082	0.04	0.00	3	3	0	IDLE MACHINE (load 3.7) - this is the batch the shipped tables use; supersedes perf-refresh-partseed (load 60) for timing, codelengths identical between the two
perf-refresh-partseed-quiet	2026-08-10T15:40:00Z	3.7	1	single		fed73245+partseed	PR#985 F25 partial seeding	jazz	198	base		columnar	C	1e-3	10	123	partseed	bnd q=0.40 re-refine	6.861229775	0.04	0.01	6	2	0	IDLE MACHINE (load 3.7) - this is the batch the shipped tables use; supersedes perf-refresh-partseed (load 60) for timing, codelengths identical between the two
perf-refresh-partseed-quiet	2026-08-10T15:40:00Z	3.7	1	single		fed73245+partseed	PR#985 F25 partial seeding	netsci	552	base		columnar	C	1e-3	10	123	partseed	bnd q=0.40 re-refine	4.049603407	0.07	0.03	3	4	0	IDLE MACHINE (load 3.7) - this is the batch the shipped tables use; supersedes perf-refresh-partseed (load 60) for timing, codelengths identical between the two
perf-refresh-partseed-quiet	2026-08-10T15:40:00Z	3.7	1	single		fed73245+partseed	PR#985 F25 partial seeding	powergrid	4941	base		columnar	C	1e-3	10	123	partseed	bnd q=0.40 re-refine	4.739334923	0.39	0.35	5	5	0	IDLE MACHINE (load 3.7) - this is the batch the shipped tables use; supersedes perf-refresh-partseed (load 60) for timing, codelengths identical between the two
perf-refresh-partseed-quiet	2026-08-10T15:40:00Z	3.7	1	single		fed73245+partseed	PR#985 F25 partial seeding	politicalblogs	1046	base	-d	columnar	C	1e-3	10	123	partseed	bnd q=0.40 re-refine	6.74058207	0.11	0.06	78	2	0	IDLE MACHINE (load 3.7) - this is the batch the shipped tables use; supersedes perf-refresh-partseed (load 60) for timing, codelengths identical between the two
perf-refresh-partseed-quiet	2026-08-10T15:40:00Z	3.7	1	single		fed73245+partseed	PR#985 F25 partial seeding	science2001	7170	base	-d	columnar	C	1e-3	10	123	partseed	bnd q=0.40 re-refine	7.833436601	3.19	3.14	15	3	0	IDLE MACHINE (load 3.7) - this is the batch the shipped tables use; supersedes perf-refresh-partseed (load 60) for timing, codelengths identical between the two
perf-refresh-partseed-quiet	2026-08-10T15:40:00Z	3.7	1	single		fed73245+partseed	PR#985 F25 partial seeding	web-NotreDame	325729	base	-d	columnar	C	1e-3	10	123	partseed	bnd q=0.40 re-refine	5.560674868	24.76	24.63	5	6	0	IDLE MACHINE (load 3.7) - this is the batch the shipped tables use; supersedes perf-refresh-partseed (load 60) for timing, codelengths identical between the two
perf-refresh-partseed-quiet	2026-08-10T15:40:00Z	3.7	1	single		fed73245+partseed	PR#985 F25 partial seeding	lazega	69	metadata	--meta-data networks/meta/lazega.meta	columnar	C	1e-3	10	123	partseed	bnd q=0.40 re-refine	6.017860269	0.04	0.00	7	2	0	IDLE MACHINE (load 3.7) - this is the batch the shipped tables use; supersedes perf-refresh-partseed (load 60) for timing, codelengths identical between the two
perf-refresh-partseed-quiet	2026-08-10T15:40:00Z	3.7	1	single		fed73245+partseed	PR#985 F25 partial seeding	multilayer	5	multilayer		columnar	C	1e-3	10	123	partseed	bnd q=0.40 re-refine	2.011405238	0.04	0.00	2	2	0	IDLE MACHINE (load 3.7) - this is the batch the shipped tables use; supersedes perf-refresh-partseed (load 60) for timing, codelengths identical between the two
perf-refresh-partseed-quiet	2026-08-10T15:40:00Z	3.7	1	single		fed73245+partseed	PR#985 F25 partial seeding	malaria	307	multilayer		columnar	C	1e-3	10	123	partseed	bnd q=0.40 re-refine	7.422254572	3.39	3.34	163	2	0	IDLE MACHINE (load 3.7) - this is the batch the shipped tables use; supersedes perf-refresh-partseed (load 60) for timing, codelengths identical between the two
perf-refresh-partseed-quiet	2026-08-10T15:40:00Z	3.7	1	single		fed73245+partseed	PR#985 F25 partial seeding	air30k	13213	state-memory		columnar	C	1e-3	10	123	partseed	bnd q=0.40 re-refine	5.393664418	3.79	3.74	20	3	0	IDLE MACHINE (load 3.7) - this is the batch the shipped tables use; supersedes perf-refresh-partseed (load 60) for timing, codelengths identical between the two
perf-refresh-partseed-quiet	2026-08-10T15:40:00Z	3.7	1	single		fed73245+partseed	PR#985 F25 partial seeding	air30k-reg	13213	state-memory	-d --regularized	columnar	C	1e-3	10	123	partseed	bnd q=0.40 re-refine	5.576024192	4.04	3.98	11	3	0	IDLE MACHINE (load 3.7) - this is the batch the shipped tables use; supersedes perf-refresh-partseed (load 60) for timing, codelengths identical between the two
perf-refresh-partseed-quiet	2026-08-10T15:40:00Z	3.7	1	single		fed73245+partseed	PR#985 F25 partial seeding	science2001-pref25	7170	base-biased	-d --preferred-number-of-modules 25	columnar	C	1e-3	10	123	partseed	bnd q=0.40 re-refine	8.238350558	3.41	3.37	25	2	0	IDLE MACHINE (load 3.7) - this is the batch the shipped tables use; supersedes perf-refresh-partseed (load 60) for timing, codelengths identical between the two
perf-refresh-partseed-quiet	2026-08-10T15:40:00Z	3.7	1	single		fed73245+partseed	PR#985 F25 partial seeding	ninetriangles	27	base		columnar	CF	1e-3	10	123	partseed	bnd q=0.40 re-refine	3.38583082	0.04	0.00	3	3	0	IDLE MACHINE (load 3.7) - this is the batch the shipped tables use; supersedes perf-refresh-partseed (load 60) for timing, codelengths identical between the two
perf-refresh-partseed-quiet	2026-08-10T15:40:00Z	3.7	1	single		fed73245+partseed	PR#985 F25 partial seeding	jazz	198	base		columnar	CF	1e-3	10	123	partseed	bnd q=0.40 re-refine	6.861229775	0.04	0.01	6	2	0	IDLE MACHINE (load 3.7) - this is the batch the shipped tables use; supersedes perf-refresh-partseed (load 60) for timing, codelengths identical between the two
perf-refresh-partseed-quiet	2026-08-10T15:40:00Z	3.7	1	single		fed73245+partseed	PR#985 F25 partial seeding	netsci	552	base		columnar	CF	1e-3	10	123	partseed	bnd q=0.40 re-refine	4.064283778	0.05	0.01	3	4	0	IDLE MACHINE (load 3.7) - this is the batch the shipped tables use; supersedes perf-refresh-partseed (load 60) for timing, codelengths identical between the two
perf-refresh-partseed-quiet	2026-08-10T15:40:00Z	3.7	1	single		fed73245+partseed	PR#985 F25 partial seeding	powergrid	4941	base		columnar	CF	1e-3	10	123	partseed	bnd q=0.40 re-refine	4.772176996	0.19	0.15	5	5	0	IDLE MACHINE (load 3.7) - this is the batch the shipped tables use; supersedes perf-refresh-partseed (load 60) for timing, codelengths identical between the two
perf-refresh-partseed-quiet	2026-08-10T15:40:00Z	3.7	1	single		fed73245+partseed	PR#985 F25 partial seeding	politicalblogs	1046	base	-d	columnar	CF	1e-3	10	123	partseed	bnd q=0.40 re-refine	6.74058207	0.10	0.06	78	2	0	IDLE MACHINE (load 3.7) - this is the batch the shipped tables use; supersedes perf-refresh-partseed (load 60) for timing, codelengths identical between the two
perf-refresh-partseed-quiet	2026-08-10T15:40:00Z	3.7	1	single		fed73245+partseed	PR#985 F25 partial seeding	science2001	7170	base	-d	columnar	CF	1e-3	10	123	partseed	bnd q=0.40 re-refine	7.833436601	3.10	3.06	15	3	0	IDLE MACHINE (load 3.7) - this is the batch the shipped tables use; supersedes perf-refresh-partseed (load 60) for timing, codelengths identical between the two
perf-refresh-partseed-quiet	2026-08-10T15:40:00Z	3.7	1	single		fed73245+partseed	PR#985 F25 partial seeding	web-NotreDame	325729	base	-d	columnar	CF	1e-3	10	123	partseed	bnd q=0.40 re-refine	5.624483179	14.84	14.73	2	5	0	IDLE MACHINE (load 3.7) - this is the batch the shipped tables use; supersedes perf-refresh-partseed (load 60) for timing, codelengths identical between the two
perf-refresh-partseed-quiet	2026-08-10T15:40:00Z	3.7	1	single		fed73245+partseed	PR#985 F25 partial seeding	lazega	69	metadata	--meta-data networks/meta/lazega.meta	columnar	CF	1e-3	10	123	partseed	bnd q=0.40 re-refine	6.017860269	0.04	0.00	7	2	0	IDLE MACHINE (load 3.7) - this is the batch the shipped tables use; supersedes perf-refresh-partseed (load 60) for timing, codelengths identical between the two
perf-refresh-partseed-quiet	2026-08-10T15:40:00Z	3.7	1	single		fed73245+partseed	PR#985 F25 partial seeding	multilayer	5	multilayer		columnar	CF	1e-3	10	123	partseed	bnd q=0.40 re-refine	2.011405238	0.04	0.00	2	2	0	IDLE MACHINE (load 3.7) - this is the batch the shipped tables use; supersedes perf-refresh-partseed (load 60) for timing, codelengths identical between the two
perf-refresh-partseed-quiet	2026-08-10T15:40:00Z	3.7	1	single		fed73245+partseed	PR#985 F25 partial seeding	malaria	307	multilayer		columnar	CF	1e-3	10	123	partseed	bnd q=0.40 re-refine	7.422254572	3.34	3.29	163	2	0	IDLE MACHINE (load 3.7) - this is the batch the shipped tables use; supersedes perf-refresh-partseed (load 60) for timing, codelengths identical between the two
perf-refresh-partseed-quiet	2026-08-10T15:40:00Z	3.7	1	single		fed73245+partseed	PR#985 F25 partial seeding	air30k	13213	state-memory		columnar	CF	1e-3	10	123	partseed	bnd q=0.40 re-refine	5.393664418	3.56	3.50	20	3	0	IDLE MACHINE (load 3.7) - this is the batch the shipped tables use; supersedes perf-refresh-partseed (load 60) for timing, codelengths identical between the two
perf-refresh-partseed-quiet	2026-08-10T15:40:00Z	3.7	1	single		fed73245+partseed	PR#985 F25 partial seeding	air30k-reg	13213	state-memory	-d --regularized	columnar	CF	1e-3	10	123	partseed	bnd q=0.40 re-refine	5.576024192	3.57	3.53	11	3	0	IDLE MACHINE (load 3.7) - this is the batch the shipped tables use; supersedes perf-refresh-partseed (load 60) for timing, codelengths identical between the two
perf-refresh-partseed-quiet	2026-08-10T15:40:00Z	3.7	1	single		fed73245+partseed	PR#985 F25 partial seeding	science2001-pref25	7170	base-biased	-d --preferred-number-of-modules 25	columnar	CF	1e-3	10	123	partseed	bnd q=0.40 re-refine	8.238350558	3.39	3.33	25	2	0	IDLE MACHINE (load 3.7) - this is the batch the shipped tables use; supersedes perf-refresh-partseed (load 60) for timing, codelengths identical between the two
perf-refresh-partseed-quiet	2026-08-10T15:40:00Z	3.7	1	single		fed73245+partseed	PR#985 F25 partial seeding	ninetriangles	27	base		OO	OO2		10	123	none	-	3.517754809	0.04	0.00	9	2	0	IDLE MACHINE (load 3.7) - this is the batch the shipped tables use; supersedes perf-refresh-partseed (load 60) for timing, codelengths identical between the two
perf-refresh-partseed-quiet	2026-08-10T15:40:00Z	3.7	1	single		fed73245+partseed	PR#985 F25 partial seeding	jazz	198	base		OO	OO2		10	123	none	-	6.861229775	0.05	0.01	6	2	0	IDLE MACHINE (load 3.7) - this is the batch the shipped tables use; supersedes perf-refresh-partseed (load 60) for timing, codelengths identical between the two
perf-refresh-partseed-quiet	2026-08-10T15:40:00Z	3.7	1	single		fed73245+partseed	PR#985 F25 partial seeding	netsci	552	base		OO	OO2		10	123	none	-	4.286115842	0.06	0.02	56	2	0	IDLE MACHINE (load 3.7) - this is the batch the shipped tables use; supersedes perf-refresh-partseed (load 60) for timing, codelengths identical between the two
perf-refresh-partseed-quiet	2026-08-10T15:40:00Z	3.7	1	single		fed73245+partseed	PR#985 F25 partial seeding	powergrid	4941	base		OO	OO2		10	123	none	-	5.598312358	0.60	0.56	420	2	0	IDLE MACHINE (load 3.7) - this is the batch the shipped tables use; supersedes perf-refresh-partseed (load 60) for timing, codelengths identical between the two
perf-refresh-partseed-quiet	2026-08-10T15:40:00Z	3.7	1	single		fed73245+partseed	PR#985 F25 partial seeding	politicalblogs	1046	base	-d	OO	OO2		10	123	none	-	6.740318249	0.12	0.09	74	2	0	IDLE MACHINE (load 3.7) - this is the batch the shipped tables use; supersedes perf-refresh-partseed (load 60) for timing, codelengths identical between the two
perf-refresh-partseed-quiet	2026-08-10T15:40:00Z	3.7	1	single		fed73245+partseed	PR#985 F25 partial seeding	science2001	7170	base	-d	OO	OO2		10	123	none	-	7.94913415	4.30	4.25	496	2	0	IDLE MACHINE (load 3.7) - this is the batch the shipped tables use; supersedes perf-refresh-partseed (load 60) for timing, codelengths identical between the two
perf-refresh-partseed-quiet	2026-08-10T15:40:00Z	3.7	1	single		fed73245+partseed	PR#985 F25 partial seeding	web-NotreDame	325729	base	-d	OO	OO2		10	123	none	-	6.743679	45.18	44.99	11831	2	0	IDLE MACHINE (load 3.7) - this is the batch the shipped tables use; supersedes perf-refresh-partseed (load 60) for timing, codelengths identical between the two
perf-refresh-partseed-quiet	2026-08-10T15:40:00Z	3.7	1	single		fed73245+partseed	PR#985 F25 partial seeding	lazega	69	metadata	--meta-data networks/meta/lazega.meta	OO	OO2		10	123	none	-	6.017860269	0.04	0.01	7	2	0	IDLE MACHINE (load 3.7) - this is the batch the shipped tables use; supersedes perf-refresh-partseed (load 60) for timing, codelengths identical between the two
perf-refresh-partseed-quiet	2026-08-10T15:40:00Z	3.7	1	single		fed73245+partseed	PR#985 F25 partial seeding	multilayer	5	multilayer		OO	OO2		10	123	none	-	2.011405238	0.04	0.00	2	2	0	IDLE MACHINE (load 3.7) - this is the batch the shipped tables use; supersedes perf-refresh-partseed (load 60) for timing, codelengths identical between the two
perf-refresh-partseed-quiet	2026-08-10T15:40:00Z	3.7	1	single		fed73245+partseed	PR#985 F25 partial seeding	malaria	307	multilayer		OO	OO2		10	123	none	-	7.506531242	7.58	7.52	145	2	0	IDLE MACHINE (load 3.7) - this is the batch the shipped tables use; supersedes perf-refresh-partseed (load 60) for timing, codelengths identical between the two
perf-refresh-partseed-quiet	2026-08-10T15:40:00Z	3.7	1	single		fed73245+partseed	PR#985 F25 partial seeding	air30k	13213	state-memory		OO	OO2		10	123	none	-	5.393769623	4.27	4.21	332	2	0	IDLE MACHINE (load 3.7) - this is the batch the shipped tables use; supersedes perf-refresh-partseed (load 60) for timing, codelengths identical between the two
perf-refresh-partseed-quiet	2026-08-10T15:40:00Z	3.7	1	single		fed73245+partseed	PR#985 F25 partial seeding	air30k-reg	13213	state-memory	-d --regularized	OO	OO2		10	123	none	-	5.576434058	6.38	6.33	301	2	0	IDLE MACHINE (load 3.7) - this is the batch the shipped tables use; supersedes perf-refresh-partseed (load 60) for timing, codelengths identical between the two
perf-refresh-partseed-quiet	2026-08-10T15:40:00Z	3.7	1	single		fed73245+partseed	PR#985 F25 partial seeding	science2001-pref25	7170	base-biased	-d --preferred-number-of-modules 25	OO	OO2		10	123	none	-	8.131241304	5.89	5.84	25	2	0	IDLE MACHINE (load 3.7) - this is the batch the shipped tables use; supersedes perf-refresh-partseed (load 60) for timing, codelengths identical between the two
perf-refresh-partseed-quiet	2026-08-10T15:40:00Z	3.7	1	single		fed73245+partseed	PR#985 F25 partial seeding	ninetriangles	27	base		columnar	2C		10	123	none	-	3.517754809	0.04	0.00	9	2	0	IDLE MACHINE (load 3.7) - this is the batch the shipped tables use; supersedes perf-refresh-partseed (load 60) for timing, codelengths identical between the two
perf-refresh-partseed-quiet	2026-08-10T15:40:00Z	3.7	1	single		fed73245+partseed	PR#985 F25 partial seeding	jazz	198	base		columnar	2C		10	123	none	-	6.861229775	0.04	0.01	6	2	0	IDLE MACHINE (load 3.7) - this is the batch the shipped tables use; supersedes perf-refresh-partseed (load 60) for timing, codelengths identical between the two
perf-refresh-partseed-quiet	2026-08-10T15:40:00Z	3.7	1	single		fed73245+partseed	PR#985 F25 partial seeding	netsci	552	base		columnar	2C		10	123	none	-	4.282287365	0.05	0.01	57	2	0	IDLE MACHINE (load 3.7) - this is the batch the shipped tables use; supersedes perf-refresh-partseed (load 60) for timing, codelengths identical between the two
perf-refresh-partseed-quiet	2026-08-10T15:40:00Z	3.7	1	single		fed73245+partseed	PR#985 F25 partial seeding	powergrid	4941	base		columnar	2C		10	123	none	-	5.633955759	0.14	0.10	426	2	0	IDLE MACHINE (load 3.7) - this is the batch the shipped tables use; supersedes perf-refresh-partseed (load 60) for timing, codelengths identical between the two
perf-refresh-partseed-quiet	2026-08-10T15:40:00Z	3.7	1	single		fed73245+partseed	PR#985 F25 partial seeding	politicalblogs	1046	base	-d	columnar	2C		10	123	none	-	6.739186079	0.09	0.05	81	2	0	IDLE MACHINE (load 3.7) - this is the batch the shipped tables use; supersedes perf-refresh-partseed (load 60) for timing, codelengths identical between the two
perf-refresh-partseed-quiet	2026-08-10T15:40:00Z	3.7	1	single		fed73245+partseed	PR#985 F25 partial seeding	science2001	7170	base	-d	columnar	2C		10	123	none	-	7.949470874	2.45	2.40	508	2	0	IDLE MACHINE (load 3.7) - this is the batch the shipped tables use; supersedes perf-refresh-partseed (load 60) for timing, codelengths identical between the two
perf-refresh-partseed-quiet	2026-08-10T15:40:00Z	3.7	1	single		fed73245+partseed	PR#985 F25 partial seeding	web-NotreDame	325729	base	-d	columnar	2C		10	123	none	-	6.75083498	19.04	18.82	11687	2	0	IDLE MACHINE (load 3.7) - this is the batch the shipped tables use; supersedes perf-refresh-partseed (load 60) for timing, codelengths identical between the two
perf-refresh-partseed-quiet	2026-08-10T15:40:00Z	3.7	1	single		fed73245+partseed	PR#985 F25 partial seeding	lazega	69	metadata	--meta-data networks/meta/lazega.meta	columnar	2C		10	123	none	-	6.017860269	0.04	0.00	7	2	0	IDLE MACHINE (load 3.7) - this is the batch the shipped tables use; supersedes perf-refresh-partseed (load 60) for timing, codelengths identical between the two
perf-refresh-partseed-quiet	2026-08-10T15:40:00Z	3.7	1	single		fed73245+partseed	PR#985 F25 partial seeding	multilayer	5	multilayer		columnar	2C		10	123	none	-	2.011405238	0.04	0.00	2	2	0	IDLE MACHINE (load 3.7) - this is the batch the shipped tables use; supersedes perf-refresh-partseed (load 60) for timing, codelengths identical between the two
perf-refresh-partseed-quiet	2026-08-10T15:40:00Z	3.7	1	single		fed73245+partseed	PR#985 F25 partial seeding	malaria	307	multilayer		columnar	2C		10	123	none	-	7.422254572	2.81	2.76	163	2	0	IDLE MACHINE (load 3.7) - this is the batch the shipped tables use; supersedes perf-refresh-partseed (load 60) for timing, codelengths identical between the two
perf-refresh-partseed-quiet	2026-08-10T15:40:00Z	3.7	1	single		fed73245+partseed	PR#985 F25 partial seeding	air30k	13213	state-memory		columnar	2C		10	123	none	-	5.392623377	3.59	3.55	336	2	0	IDLE MACHINE (load 3.7) - this is the batch the shipped tables use; supersedes perf-refresh-partseed (load 60) for timing, codelengths identical between the two
perf-refresh-partseed-quiet	2026-08-10T15:40:00Z	3.7	1	single		fed73245+partseed	PR#985 F25 partial seeding	air30k-reg	13213	state-memory	-d --regularized	columnar	2C		10	123	none	-	5.575408572	3.65	3.60	303	2	0	IDLE MACHINE (load 3.7) - this is the batch the shipped tables use; supersedes perf-refresh-partseed (load 60) for timing, codelengths identical between the two
perf-refresh-partseed-quiet	2026-08-10T15:40:00Z	3.7	1	single		fed73245+partseed	PR#985 F25 partial seeding	science2001-pref25	7170	base-biased	-d --preferred-number-of-modules 25	columnar	2C		10	123	none	-	8.23577532	3.11	3.06	25	2	0	IDLE MACHINE (load 3.7) - this is the batch the shipped tables use; supersedes perf-refresh-partseed (load 60) for timing, codelengths identical between the two
perf-refresh-hsplit	2026-08-11T04:00:00Z	3.5	1	single		8d107f9c+hsplit	#984 hierarchical split repair	ninetriangles	27	base		OO	OO		10	123	none	-	3.38583082	0.43	0.00	3	3	0	idle machine; 59/65 bit-identical to perf-refresh-partseed, movers are malaria/air30k/reg under -C and -C -F
perf-refresh-hsplit	2026-08-11T04:00:00Z	3.5	1	single		8d107f9c+hsplit	#984 hierarchical split repair	jazz	198	base		OO	OO		10	123	none	-	6.861229775	0.06	0.02	6	2	0	idle machine; 59/65 bit-identical to perf-refresh-partseed, movers are malaria/air30k/reg under -C and -C -F
perf-refresh-hsplit	2026-08-11T04:00:00Z	3.5	1	single		8d107f9c+hsplit	#984 hierarchical split repair	netsci	552	base		OO	OO		10	123	none	-	4.043215101	0.15	0.11	2	5	0	idle machine; 59/65 bit-identical to perf-refresh-partseed, movers are malaria/air30k/reg under -C and -C -F
perf-refresh-hsplit	2026-08-11T04:00:00Z	3.5	1	single		8d107f9c+hsplit	#984 hierarchical split repair	powergrid	4941	base		OO	OO		10	123	none	-	4.756483889	1.87	1.82	5	6	0	idle machine; 59/65 bit-identical to perf-refresh-partseed, movers are malaria/air30k/reg under -C and -C -F
perf-refresh-hsplit	2026-08-11T04:00:00Z	3.5	1	single		8d107f9c+hsplit	#984 hierarchical split repair	politicalblogs	1046	base	-d	OO	OO		10	123	none	-	6.739524814	0.19	0.14	74	3	0	idle machine; 59/65 bit-identical to perf-refresh-partseed, movers are malaria/air30k/reg under -C and -C -F
perf-refresh-hsplit	2026-08-11T04:00:00Z	3.5	1	single		8d107f9c+hsplit	#984 hierarchical split repair	science2001	7170	base	-d	OO	OO		10	123	none	-	7.834280583	8.57	8.51	12	4	0	idle machine; 59/65 bit-identical to perf-refresh-partseed, movers are malaria/air30k/reg under -C and -C -F
perf-refresh-hsplit	2026-08-11T04:00:00Z	3.5	1	single		8d107f9c+hsplit	#984 hierarchical split repair	web-NotreDame	325729	base	-d	OO	OO		10	123	none	-	5.56604138	157.98	157.45	19	13	0	idle machine; 59/65 bit-identical to perf-refresh-partseed, movers are malaria/air30k/reg under -C and -C -F
perf-refresh-hsplit	2026-08-11T04:00:00Z	3.5	1	single		8d107f9c+hsplit	#984 hierarchical split repair	lazega	69	metadata	--meta-data networks/meta/lazega.meta	OO	OO		10	123	none	-	6.017860269	0.05	0.01	7	2	0	idle machine; 59/65 bit-identical to perf-refresh-partseed, movers are malaria/air30k/reg under -C and -C -F
perf-refresh-hsplit	2026-08-11T04:00:00Z	3.5	1	single		8d107f9c+hsplit	#984 hierarchical split repair	multilayer	5	multilayer		OO	OO		10	123	none	-	2.011405238	0.04	0.00	2	2	0	idle machine; 59/65 bit-identical to perf-refresh-partseed, movers are malaria/air30k/reg under -C and -C -F
perf-refresh-hsplit	2026-08-11T04:00:00Z	3.5	1	single		8d107f9c+hsplit	#984 hierarchical split repair	malaria	307	multilayer		OO	OO		10	123	none	-	7.503378959	10.21	10.15	145	3	0	idle machine; 59/65 bit-identical to perf-refresh-partseed, movers are malaria/air30k/reg under -C and -C -F
perf-refresh-hsplit	2026-08-11T04:00:00Z	3.5	1	single		8d107f9c+hsplit	#984 hierarchical split repair	air30k	13213	state-memory		OO	OO		10	123	none	-	5.393955343	11.89	11.82	18	4	0	idle machine; 59/65 bit-identical to perf-refresh-partseed, movers are malaria/air30k/reg under -C and -C -F
perf-refresh-hsplit	2026-08-11T04:00:00Z	3.5	1	single		8d107f9c+hsplit	#984 hierarchical split repair	air30k-reg	13213	state-memory	-d --regularized	OO	OO		10	123	none	-	5.575652802	8.36	8.31	301	3	0	idle machine; 59/65 bit-identical to perf-refresh-partseed, movers are malaria/air30k/reg under -C and -C -F
perf-refresh-hsplit	2026-08-11T04:00:00Z	3.5	1	single		8d107f9c+hsplit	#984 hierarchical split repair	science2001-pref25	7170	base-biased	-d --preferred-number-of-modules 25	OO	OO		10	123	none	-	7.928000301	8.11	8.05	25	4	0	idle machine; 59/65 bit-identical to perf-refresh-partseed, movers are malaria/air30k/reg under -C and -C -F
perf-refresh-hsplit	2026-08-11T04:00:00Z	3.5	1	single		8d107f9c+hsplit	#984 hierarchical split repair	ninetriangles	27	base		columnar	C	5e-3	10	123	partseed+hsplit-winner	bnd q=0.40 re-refine; COL_HSPLIT_WINNER=winner	3.38583082	0.04	0.00	3	3	0	idle machine; 59/65 bit-identical to perf-refresh-partseed, movers are malaria/air30k/reg under -C and -C -F
perf-refresh-hsplit	2026-08-11T04:00:00Z	3.5	1	single		8d107f9c+hsplit	#984 hierarchical split repair	jazz	198	base		columnar	C	5e-3	10	123	partseed+hsplit-winner	bnd q=0.40 re-refine; COL_HSPLIT_WINNER=winner	6.861229775	0.05	0.01	6	2	0	idle machine; 59/65 bit-identical to perf-refresh-partseed, movers are malaria/air30k/reg under -C and -C -F
perf-refresh-hsplit	2026-08-11T04:00:00Z	3.5	1	single		8d107f9c+hsplit	#984 hierarchical split repair	netsci	552	base		columnar	C	5e-3	10	123	partseed+hsplit-winner	bnd q=0.40 re-refine; COL_HSPLIT_WINNER=winner	4.049603407	0.06	0.02	3	4	0	idle machine; 59/65 bit-identical to perf-refresh-partseed, movers are malaria/air30k/reg under -C and -C -F
perf-refresh-hsplit	2026-08-11T04:00:00Z	3.5	1	single		8d107f9c+hsplit	#984 hierarchical split repair	powergrid	4941	base		columnar	C	5e-3	10	123	partseed+hsplit-winner	bnd q=0.40 re-refine; COL_HSPLIT_WINNER=winner	4.739600284	0.29	0.25	5	5	0	idle machine; 59/65 bit-identical to perf-refresh-partseed, movers are malaria/air30k/reg under -C and -C -F
perf-refresh-hsplit	2026-08-11T04:00:00Z	3.5	1	single		8d107f9c+hsplit	#984 hierarchical split repair	politicalblogs	1046	base	-d	columnar	C	5e-3	10	123	partseed+hsplit-winner	bnd q=0.40 re-refine; COL_HSPLIT_WINNER=winner	6.74058207	0.11	0.07	78	2	0	idle machine; 59/65 bit-identical to perf-refresh-partseed, movers are malaria/air30k/reg under -C and -C -F
perf-refresh-hsplit	2026-08-11T04:00:00Z	3.5	1	single		8d107f9c+hsplit	#984 hierarchical split repair	science2001	7170	base	-d	columnar	C	5e-3	10	123	partseed+hsplit-winner	bnd q=0.40 re-refine; COL_HSPLIT_WINNER=winner	7.833436601	3.15	3.10	15	3	0	idle machine; 59/65 bit-identical to perf-refresh-partseed, movers are malaria/air30k/reg under -C and -C -F
perf-refresh-hsplit	2026-08-11T04:00:00Z	3.5	1	single		8d107f9c+hsplit	#984 hierarchical split repair	web-NotreDame	325729	base	-d	columnar	C	5e-3	10	123	partseed+hsplit-winner	bnd q=0.40 re-refine; COL_HSPLIT_WINNER=winner	5.56799417	20.01	19.91	5	6	0	idle machine; 59/65 bit-identical to perf-refresh-partseed, movers are malaria/air30k/reg under -C and -C -F
perf-refresh-hsplit	2026-08-11T04:00:00Z	3.5	1	single		8d107f9c+hsplit	#984 hierarchical split repair	lazega	69	metadata	--meta-data networks/meta/lazega.meta	columnar	C	5e-3	10	123	partseed+hsplit-winner	bnd q=0.40 re-refine; COL_HSPLIT_WINNER=winner	6.017860269	0.04	0.00	7	2	0	idle machine; 59/65 bit-identical to perf-refresh-partseed, movers are malaria/air30k/reg under -C and -C -F
perf-refresh-hsplit	2026-08-11T04:00:00Z	3.5	1	single		8d107f9c+hsplit	#984 hierarchical split repair	multilayer	5	multilayer		columnar	C	5e-3	10	123	partseed+hsplit-winner	bnd q=0.40 re-refine; COL_HSPLIT_WINNER=winner	2.011405238	0.04	0.00	2	2	0	idle machine; 59/65 bit-identical to perf-refresh-partseed, movers are malaria/air30k/reg under -C and -C -F
perf-refresh-hsplit	2026-08-11T04:00:00Z	3.5	1	single		8d107f9c+hsplit	#984 hierarchical split repair	malaria	307	multilayer		columnar	C	5e-3	10	123	partseed+hsplit-winner	bnd q=0.40 re-refine; COL_HSPLIT_WINNER=winner	7.417149324	3.65	3.60	2	3	0	idle machine; 59/65 bit-identical to perf-refresh-partseed, movers are malaria/air30k/reg under -C and -C -F
perf-refresh-hsplit	2026-08-11T04:00:00Z	3.5	1	single		8d107f9c+hsplit	#984 hierarchical split repair	air30k	13213	state-memory		columnar	C	5e-3	10	123	partseed+hsplit-winner	bnd q=0.40 re-refine; COL_HSPLIT_WINNER=winner	5.393204056	3.79	3.75	20	3	0	idle machine; 59/65 bit-identical to perf-refresh-partseed, movers are malaria/air30k/reg under -C and -C -F
perf-refresh-hsplit	2026-08-11T04:00:00Z	3.5	1	single		8d107f9c+hsplit	#984 hierarchical split repair	air30k-reg	13213	state-memory	-d --regularized	columnar	C	5e-3	10	123	partseed+hsplit-winner	bnd q=0.40 re-refine; COL_HSPLIT_WINNER=winner	5.575914886	4.07	4.03	11	3	0	idle machine; 59/65 bit-identical to perf-refresh-partseed, movers are malaria/air30k/reg under -C and -C -F
perf-refresh-hsplit	2026-08-11T04:00:00Z	3.5	1	single		8d107f9c+hsplit	#984 hierarchical split repair	science2001-pref25	7170	base-biased	-d --preferred-number-of-modules 25	columnar	C	5e-3	10	123	partseed+hsplit-winner	bnd q=0.40 re-refine; COL_HSPLIT_WINNER=winner	8.238350558	3.33	3.29	25	2	0	idle machine; 59/65 bit-identical to perf-refresh-partseed, movers are malaria/air30k/reg under -C and -C -F
perf-refresh-hsplit	2026-08-11T04:00:00Z	3.5	1	single		8d107f9c+hsplit	#984 hierarchical split repair	ninetriangles	27	base		columnar	CF	5e-3	10	123	partseed+hsplit-winner	bnd q=0.40 re-refine; COL_HSPLIT_WINNER=winner	3.38583082	0.03	0.00	3	3	0	idle machine; 59/65 bit-identical to perf-refresh-partseed, movers are malaria/air30k/reg under -C and -C -F
perf-refresh-hsplit	2026-08-11T04:00:00Z	3.5	1	single		8d107f9c+hsplit	#984 hierarchical split repair	jazz	198	base		columnar	CF	5e-3	10	123	partseed+hsplit-winner	bnd q=0.40 re-refine; COL_HSPLIT_WINNER=winner	6.861229775	0.05	0.01	6	2	0	idle machine; 59/65 bit-identical to perf-refresh-partseed, movers are malaria/air30k/reg under -C and -C -F
perf-refresh-hsplit	2026-08-11T04:00:00Z	3.5	1	single		8d107f9c+hsplit	#984 hierarchical split repair	netsci	552	base		columnar	CF	5e-3	10	123	partseed+hsplit-winner	bnd q=0.40 re-refine; COL_HSPLIT_WINNER=winner	4.064283778	0.05	0.01	3	4	0	idle machine; 59/65 bit-identical to perf-refresh-partseed, movers are malaria/air30k/reg under -C and -C -F
perf-refresh-hsplit	2026-08-11T04:00:00Z	3.5	1	single		8d107f9c+hsplit	#984 hierarchical split repair	powergrid	4941	base		columnar	CF	5e-3	10	123	partseed+hsplit-winner	bnd q=0.40 re-refine; COL_HSPLIT_WINNER=winner	4.772176996	0.20	0.15	5	5	0	idle machine; 59/65 bit-identical to perf-refresh-partseed, movers are malaria/air30k/reg under -C and -C -F
perf-refresh-hsplit	2026-08-11T04:00:00Z	3.5	1	single		8d107f9c+hsplit	#984 hierarchical split repair	politicalblogs	1046	base	-d	columnar	CF	5e-3	10	123	partseed+hsplit-winner	bnd q=0.40 re-refine; COL_HSPLIT_WINNER=winner	6.74058207	0.10	0.06	78	2	0	idle machine; 59/65 bit-identical to perf-refresh-partseed, movers are malaria/air30k/reg under -C and -C -F
perf-refresh-hsplit	2026-08-11T04:00:00Z	3.5	1	single		8d107f9c+hsplit	#984 hierarchical split repair	science2001	7170	base	-d	columnar	CF	5e-3	10	123	partseed+hsplit-winner	bnd q=0.40 re-refine; COL_HSPLIT_WINNER=winner	7.833436601	3.02	2.97	15	3	0	idle machine; 59/65 bit-identical to perf-refresh-partseed, movers are malaria/air30k/reg under -C and -C -F
perf-refresh-hsplit	2026-08-11T04:00:00Z	3.5	1	single		8d107f9c+hsplit	#984 hierarchical split repair	web-NotreDame	325729	base	-d	columnar	CF	5e-3	10	123	partseed+hsplit-winner	bnd q=0.40 re-refine; COL_HSPLIT_WINNER=winner	5.624483179	14.74	14.67	2	5	0	idle machine; 59/65 bit-identical to perf-refresh-partseed, movers are malaria/air30k/reg under -C and -C -F
perf-refresh-hsplit	2026-08-11T04:00:00Z	3.5	1	single		8d107f9c+hsplit	#984 hierarchical split repair	lazega	69	metadata	--meta-data networks/meta/lazega.meta	columnar	CF	5e-3	10	123	partseed+hsplit-winner	bnd q=0.40 re-refine; COL_HSPLIT_WINNER=winner	6.017860269	0.04	0.00	7	2	0	idle machine; 59/65 bit-identical to perf-refresh-partseed, movers are malaria/air30k/reg under -C and -C -F
perf-refresh-hsplit	2026-08-11T04:00:00Z	3.5	1	single		8d107f9c+hsplit	#984 hierarchical split repair	multilayer	5	multilayer		columnar	CF	5e-3	10	123	partseed+hsplit-winner	bnd q=0.40 re-refine; COL_HSPLIT_WINNER=winner	2.011405238	0.04	0.00	2	2	0	idle machine; 59/65 bit-identical to perf-refresh-partseed, movers are malaria/air30k/reg under -C and -C -F
perf-refresh-hsplit	2026-08-11T04:00:00Z	3.5	1	single		8d107f9c+hsplit	#984 hierarchical split repair	malaria	307	multilayer		columnar	CF	5e-3	10	123	partseed+hsplit-winner	bnd q=0.40 re-refine; COL_HSPLIT_WINNER=winner	7.417149324	3.56	3.52	2	3	0	idle machine; 59/65 bit-identical to perf-refresh-partseed, movers are malaria/air30k/reg under -C and -C -F
perf-refresh-hsplit	2026-08-11T04:00:00Z	3.5	1	single		8d107f9c+hsplit	#984 hierarchical split repair	air30k	13213	state-memory		columnar	CF	5e-3	10	123	partseed+hsplit-winner	bnd q=0.40 re-refine; COL_HSPLIT_WINNER=winner	5.393204056	3.59	3.54	20	3	0	idle machine; 59/65 bit-identical to perf-refresh-partseed, movers are malaria/air30k/reg under -C and -C -F
perf-refresh-hsplit	2026-08-11T04:00:00Z	3.5	1	single		8d107f9c+hsplit	#984 hierarchical split repair	air30k-reg	13213	state-memory	-d --regularized	columnar	CF	5e-3	10	123	partseed+hsplit-winner	bnd q=0.40 re-refine; COL_HSPLIT_WINNER=winner	5.575914886	3.53	3.49	11	3	0	idle machine; 59/65 bit-identical to perf-refresh-partseed, movers are malaria/air30k/reg under -C and -C -F
perf-refresh-hsplit	2026-08-11T04:00:00Z	3.5	1	single		8d107f9c+hsplit	#984 hierarchical split repair	science2001-pref25	7170	base-biased	-d --preferred-number-of-modules 25	columnar	CF	5e-3	10	123	partseed+hsplit-winner	bnd q=0.40 re-refine; COL_HSPLIT_WINNER=winner	8.238350558	3.23	3.19	25	2	0	idle machine; 59/65 bit-identical to perf-refresh-partseed, movers are malaria/air30k/reg under -C and -C -F
perf-refresh-hsplit	2026-08-11T04:00:00Z	3.5	1	single		8d107f9c+hsplit	#984 hierarchical split repair	ninetriangles	27	base		OO	OO2		10	123	none	-	3.517754809	0.03	0.00	9	2	0	idle machine; 59/65 bit-identical to perf-refresh-partseed, movers are malaria/air30k/reg under -C and -C -F
perf-refresh-hsplit	2026-08-11T04:00:00Z	3.5	1	single		8d107f9c+hsplit	#984 hierarchical split repair	jazz	198	base		OO	OO2		10	123	none	-	6.861229775	0.05	0.01	6	2	0	idle machine; 59/65 bit-identical to perf-refresh-partseed, movers are malaria/air30k/reg under -C and -C -F
perf-refresh-hsplit	2026-08-11T04:00:00Z	3.5	1	single		8d107f9c+hsplit	#984 hierarchical split repair	netsci	552	base		OO	OO2		10	123	none	-	4.286115842	0.06	0.02	56	2	0	idle machine; 59/65 bit-identical to perf-refresh-partseed, movers are malaria/air30k/reg under -C and -C -F
perf-refresh-hsplit	2026-08-11T04:00:00Z	3.5	1	single		8d107f9c+hsplit	#984 hierarchical split repair	powergrid	4941	base		OO	OO2		10	123	none	-	5.598312358	0.58	0.54	420	2	0	idle machine; 59/65 bit-identical to perf-refresh-partseed, movers are malaria/air30k/reg under -C and -C -F
perf-refresh-hsplit	2026-08-11T04:00:00Z	3.5	1	single		8d107f9c+hsplit	#984 hierarchical split repair	politicalblogs	1046	base	-d	OO	OO2		10	123	none	-	6.740318249	0.13	0.08	74	2	0	idle machine; 59/65 bit-identical to perf-refresh-partseed, movers are malaria/air30k/reg under -C and -C -F
perf-refresh-hsplit	2026-08-11T04:00:00Z	3.5	1	single		8d107f9c+hsplit	#984 hierarchical split repair	science2001	7170	base	-d	OO	OO2		10	123	none	-	7.94913415	4.21	4.16	496	2	0	idle machine; 59/65 bit-identical to perf-refresh-partseed, movers are malaria/air30k/reg under -C and -C -F
perf-refresh-hsplit	2026-08-11T04:00:00Z	3.5	1	single		8d107f9c+hsplit	#984 hierarchical split repair	web-NotreDame	325729	base	-d	OO	OO2		10	123	none	-	6.743679	44.95	44.80	11831	2	0	idle machine; 59/65 bit-identical to perf-refresh-partseed, movers are malaria/air30k/reg under -C and -C -F
perf-refresh-hsplit	2026-08-11T04:00:00Z	3.5	1	single		8d107f9c+hsplit	#984 hierarchical split repair	lazega	69	metadata	--meta-data networks/meta/lazega.meta	OO	OO2		10	123	none	-	6.017860269	0.05	0.01	7	2	0	idle machine; 59/65 bit-identical to perf-refresh-partseed, movers are malaria/air30k/reg under -C and -C -F
perf-refresh-hsplit	2026-08-11T04:00:00Z	3.5	1	single		8d107f9c+hsplit	#984 hierarchical split repair	multilayer	5	multilayer		OO	OO2		10	123	none	-	2.011405238	0.03	0.00	2	2	0	idle machine; 59/65 bit-identical to perf-refresh-partseed, movers are malaria/air30k/reg under -C and -C -F
perf-refresh-hsplit	2026-08-11T04:00:00Z	3.5	1	single		8d107f9c+hsplit	#984 hierarchical split repair	malaria	307	multilayer		OO	OO2		10	123	none	-	7.506531242	7.45	7.40	145	2	0	idle machine; 59/65 bit-identical to perf-refresh-partseed, movers are malaria/air30k/reg under -C and -C -F
perf-refresh-hsplit	2026-08-11T04:00:00Z	3.5	1	single		8d107f9c+hsplit	#984 hierarchical split repair	air30k	13213	state-memory		OO	OO2		10	123	none	-	5.393769623	4.11	4.06	332	2	0	idle machine; 59/65 bit-identical to perf-refresh-partseed, movers are malaria/air30k/reg under -C and -C -F
perf-refresh-hsplit	2026-08-11T04:00:00Z	3.5	1	single		8d107f9c+hsplit	#984 hierarchical split repair	air30k-reg	13213	state-memory	-d --regularized	OO	OO2		10	123	none	-	5.576434058	6.25	6.20	301	2	0	idle machine; 59/65 bit-identical to perf-refresh-partseed, movers are malaria/air30k/reg under -C and -C -F
perf-refresh-hsplit	2026-08-11T04:00:00Z	3.5	1	single		8d107f9c+hsplit	#984 hierarchical split repair	science2001-pref25	7170	base-biased	-d --preferred-number-of-modules 25	OO	OO2		10	123	none	-	8.131241304	5.83	5.78	25	2	0	idle machine; 59/65 bit-identical to perf-refresh-partseed, movers are malaria/air30k/reg under -C and -C -F
perf-refresh-hsplit	2026-08-11T04:00:00Z	3.5	1	single		8d107f9c+hsplit	#984 hierarchical split repair	ninetriangles	27	base		columnar	2C		10	123	none	-	3.517754809	0.04	0.00	9	2	0	idle machine; 59/65 bit-identical to perf-refresh-partseed, movers are malaria/air30k/reg under -C and -C -F
perf-refresh-hsplit	2026-08-11T04:00:00Z	3.5	1	single		8d107f9c+hsplit	#984 hierarchical split repair	jazz	198	base		columnar	2C		10	123	none	-	6.861229775	0.04	0.01	6	2	0	idle machine; 59/65 bit-identical to perf-refresh-partseed, movers are malaria/air30k/reg under -C and -C -F
perf-refresh-hsplit	2026-08-11T04:00:00Z	3.5	1	single		8d107f9c+hsplit	#984 hierarchical split repair	netsci	552	base		columnar	2C		10	123	none	-	4.282287365	0.05	0.01	57	2	0	idle machine; 59/65 bit-identical to perf-refresh-partseed, movers are malaria/air30k/reg under -C and -C -F
perf-refresh-hsplit	2026-08-11T04:00:00Z	3.5	1	single		8d107f9c+hsplit	#984 hierarchical split repair	powergrid	4941	base		columnar	2C		10	123	none	-	5.633955759	0.14	0.10	426	2	0	idle machine; 59/65 bit-identical to perf-refresh-partseed, movers are malaria/air30k/reg under -C and -C -F
perf-refresh-hsplit	2026-08-11T04:00:00Z	3.5	1	single		8d107f9c+hsplit	#984 hierarchical split repair	politicalblogs	1046	base	-d	columnar	2C		10	123	none	-	6.739186079	0.09	0.05	81	2	0	idle machine; 59/65 bit-identical to perf-refresh-partseed, movers are malaria/air30k/reg under -C and -C -F
perf-refresh-hsplit	2026-08-11T04:00:00Z	3.5	1	single		8d107f9c+hsplit	#984 hierarchical split repair	science2001	7170	base	-d	columnar	2C		10	123	none	-	7.949470874	2.38	2.35	508	2	0	idle machine; 59/65 bit-identical to perf-refresh-partseed, movers are malaria/air30k/reg under -C and -C -F
perf-refresh-hsplit	2026-08-11T04:00:00Z	3.5	1	single		8d107f9c+hsplit	#984 hierarchical split repair	web-NotreDame	325729	base	-d	columnar	2C		10	123	none	-	6.75083498	18.60	18.47	11687	2	0	idle machine; 59/65 bit-identical to perf-refresh-partseed, movers are malaria/air30k/reg under -C and -C -F
perf-refresh-hsplit	2026-08-11T04:00:00Z	3.5	1	single		8d107f9c+hsplit	#984 hierarchical split repair	lazega	69	metadata	--meta-data networks/meta/lazega.meta	columnar	2C		10	123	none	-	6.017860269	0.04	0.00	7	2	0	idle machine; 59/65 bit-identical to perf-refresh-partseed, movers are malaria/air30k/reg under -C and -C -F
perf-refresh-hsplit	2026-08-11T04:00:00Z	3.5	1	single		8d107f9c+hsplit	#984 hierarchical split repair	multilayer	5	multilayer		columnar	2C		10	123	none	-	2.011405238	0.04	0.00	2	2	0	idle machine; 59/65 bit-identical to perf-refresh-partseed, movers are malaria/air30k/reg under -C and -C -F
perf-refresh-hsplit	2026-08-11T04:00:00Z	3.5	1	single		8d107f9c+hsplit	#984 hierarchical split repair	malaria	307	multilayer		columnar	2C		10	123	none	-	7.422254572	2.72	2.67	163	2	0	idle machine; 59/65 bit-identical to perf-refresh-partseed, movers are malaria/air30k/reg under -C and -C -F
perf-refresh-hsplit	2026-08-11T04:00:00Z	3.5	1	single		8d107f9c+hsplit	#984 hierarchical split repair	air30k	13213	state-memory		columnar	2C		10	123	none	-	5.392623377	3.50	3.46	336	2	0	idle machine; 59/65 bit-identical to perf-refresh-partseed, movers are malaria/air30k/reg under -C and -C -F
perf-refresh-hsplit	2026-08-11T04:00:00Z	3.5	1	single		8d107f9c+hsplit	#984 hierarchical split repair	air30k-reg	13213	state-memory	-d --regularized	columnar	2C		10	123	none	-	5.575408572	3.56	3.51	303	2	0	idle machine; 59/65 bit-identical to perf-refresh-partseed, movers are malaria/air30k/reg under -C and -C -F
perf-refresh-hsplit	2026-08-11T04:00:00Z	3.5	1	single		8d107f9c+hsplit	#984 hierarchical split repair	science2001-pref25	7170	base-biased	-d --preferred-number-of-modules 25	columnar	2C		10	123	none	-	8.23577532	3.03	2.98	25	2	0	idle machine; 59/65 bit-identical to perf-refresh-partseed, movers are malaria/air30k/reg under -C and -C -F
master-sync-F28	2026-08-13T01:29:00Z	3	3	min	507e0243ae68407a2384e6ffff88dc88	7aa0b264	PR#960	air30k	13213	state		columnar	-2 -C		10	123	none		5.39305505	3.46	3.43	334	2	0	full 13x5 refresh after merging master in; idle machine, interleaved min-of-3
master-sync-F28	2026-08-13T01:29:00Z	3	3	min	507e0243ae68407a2384e6ffff88dc88	7aa0b264	PR#960	air30k	13213	state		columnar	-C		10	123	none		5.39242541	3.78	3.75	22	3	0	full 13x5 refresh after merging master in; idle machine, interleaved min-of-3
master-sync-F28	2026-08-13T01:29:00Z	3	3	min	507e0243ae68407a2384e6ffff88dc88	7aa0b264	PR#960	air30k	13213	state		columnar	-C -F		10	123	none		5.39242541	3.52	3.49	22	3	0	full 13x5 refresh after merging master in; idle machine, interleaved min-of-3
master-sync-F28	2026-08-13T01:29:00Z	3	3	min	507e0243ae68407a2384e6ffff88dc88	7aa0b264	PR#960	air30k-reg	13213	state	-d --regularized	columnar	-2 -C		10	123	none		5.57557704	3.62	3.61	304	2	0	full 13x5 refresh after merging master in; idle machine, interleaved min-of-3
master-sync-F28	2026-08-13T01:29:00Z	3	3	min	507e0243ae68407a2384e6ffff88dc88	7aa0b264	PR#960	air30k-reg	13213	state	-d --regularized	columnar	-C		10	123	none		5.57624241	4.03	4.01	11	3	0	full 13x5 refresh after merging master in; idle machine, interleaved min-of-3
master-sync-F28	2026-08-13T01:29:00Z	3	3	min	507e0243ae68407a2384e6ffff88dc88	7aa0b264	PR#960	air30k-reg	13213	state	-d --regularized	columnar	-C -F		10	123	none		5.57624241	3.57	3.55	11	3	0	full 13x5 refresh after merging master in; idle machine, interleaved min-of-3
master-sync-F28	2026-08-13T01:29:00Z	3	3	min	507e0243ae68407a2384e6ffff88dc88	7aa0b264	PR#960	jazz	198	base		columnar	-2 -C		10	123	none		6.86122977	0.02	0.01	6	2	0	full 13x5 refresh after merging master in; idle machine, interleaved min-of-3
master-sync-F28	2026-08-13T01:29:00Z	3	3	min	507e0243ae68407a2384e6ffff88dc88	7aa0b264	PR#960	jazz	198	base		columnar	-C		10	123	none		6.86275593	0.02	0.01	6	2	0	full 13x5 refresh after merging master in; idle machine, interleaved min-of-3
master-sync-F28	2026-08-13T01:29:00Z	3	3	min	507e0243ae68407a2384e6ffff88dc88	7aa0b264	PR#960	jazz	198	base		columnar	-C -F		10	123	none		6.86275593	0.02	0.01	6	2	0	full 13x5 refresh after merging master in; idle machine, interleaved min-of-3
master-sync-F28	2026-08-13T01:29:00Z	3	3	min	507e0243ae68407a2384e6ffff88dc88	7aa0b264	PR#960	lazega	69	meta	--meta-data	columnar	-2 -C		10	123	none		6.01786027	0.01	0.00	7	2	0	full 13x5 refresh after merging master in; idle machine, interleaved min-of-3
master-sync-F28	2026-08-13T01:29:00Z	3	3	min	507e0243ae68407a2384e6ffff88dc88	7aa0b264	PR#960	lazega	69	meta	--meta-data	columnar	-C		10	123	none		6.01786027	0.01	0.00	7	2	0	full 13x5 refresh after merging master in; idle machine, interleaved min-of-3
master-sync-F28	2026-08-13T01:29:00Z	3	3	min	507e0243ae68407a2384e6ffff88dc88	7aa0b264	PR#960	lazega	69	meta	--meta-data	columnar	-C -F		10	123	none		6.01786027	0.01	0.00	7	2	0	full 13x5 refresh after merging master in; idle machine, interleaved min-of-3
master-sync-F28	2026-08-13T01:29:00Z	3	3	min	507e0243ae68407a2384e6ffff88dc88	7aa0b264	PR#960	malaria	307	multilayer		columnar	-2 -C		10	123	none		7.40044538	2.72	2.70	168	2	0	full 13x5 refresh after merging master in; idle machine, interleaved min-of-3
master-sync-F28	2026-08-13T01:29:00Z	3	3	min	507e0243ae68407a2384e6ffff88dc88	7aa0b264	PR#960	malaria	307	multilayer		columnar	-C		10	123	none		7.39750171	3.13	3.11	2	3	0	full 13x5 refresh after merging master in; idle machine, interleaved min-of-3
master-sync-F28	2026-08-13T01:29:00Z	3	3	min	507e0243ae68407a2384e6ffff88dc88	7aa0b264	PR#960	malaria	307	multilayer		columnar	-C -F		10	123	none		7.39750171	3.07	3.05	2	3	0	full 13x5 refresh after merging master in; idle machine, interleaved min-of-3
master-sync-F28	2026-08-13T01:29:00Z	3	3	min	507e0243ae68407a2384e6ffff88dc88	7aa0b264	PR#960	multilayer	5	multilayer		columnar	-2 -C		10	123	none		2.01140524	0.01	0.00	2	2	0	full 13x5 refresh after merging master in; idle machine, interleaved min-of-3
master-sync-F28	2026-08-13T01:29:00Z	3	3	min	507e0243ae68407a2384e6ffff88dc88	7aa0b264	PR#960	multilayer	5	multilayer		columnar	-C		10	123	none		2.01140524	0.01	0.00	2	2	0	full 13x5 refresh after merging master in; idle machine, interleaved min-of-3
master-sync-F28	2026-08-13T01:29:00Z	3	3	min	507e0243ae68407a2384e6ffff88dc88	7aa0b264	PR#960	multilayer	5	multilayer		columnar	-C -F		10	123	none		2.01140524	0.01	0.00	2	2	0	full 13x5 refresh after merging master in; idle machine, interleaved min-of-3
master-sync-F28	2026-08-13T01:29:00Z	3	3	min	507e0243ae68407a2384e6ffff88dc88	7aa0b264	PR#960	netscicoauthor2010	552	base		columnar	-2 -C		10	123	none		4.28307258	0.02	0.01	59	2	0	full 13x5 refresh after merging master in; idle machine, interleaved min-of-3
master-sync-F28	2026-08-13T01:29:00Z	3	3	min	507e0243ae68407a2384e6ffff88dc88	7aa0b264	PR#960	netscicoauthor2010	552	base		columnar	-C		10	123	none		4.05454025	0.03	0.02	2	4	0	full 13x5 refresh after merging master in; idle machine, interleaved min-of-3
master-sync-F28	2026-08-13T01:29:00Z	3	3	min	507e0243ae68407a2384e6ffff88dc88	7aa0b264	PR#960	netscicoauthor2010	552	base		columnar	-C -F		10	123	none		4.06300588	0.03	0.01	4	4	0	full 13x5 refresh after merging master in; idle machine, interleaved min-of-3
master-sync-F28	2026-08-13T01:29:00Z	3	3	min	507e0243ae68407a2384e6ffff88dc88	7aa0b264	PR#960	ninetriangles	27	base		columnar	-2 -C		10	123	none		3.51775481	0.01	0.00	9	2	0	full 13x5 refresh after merging master in; idle machine, interleaved min-of-3
master-sync-F28	2026-08-13T01:29:00Z	3	3	min	507e0243ae68407a2384e6ffff88dc88	7aa0b264	PR#960	ninetriangles	27	base		columnar	-C		10	123	none		3.38583082	0.01	0.00	3	3	0	full 13x5 refresh after merging master in; idle machine, interleaved min-of-3
master-sync-F28	2026-08-13T01:29:00Z	3	3	min	507e0243ae68407a2384e6ffff88dc88	7aa0b264	PR#960	ninetriangles	27	base		columnar	-C -F		10	123	none		3.38583082	0.01	0.00	3	3	0	full 13x5 refresh after merging master in; idle machine, interleaved min-of-3
master-sync-F28	2026-08-13T01:29:00Z	3	3	min	507e0243ae68407a2384e6ffff88dc88	7aa0b264	PR#960	politicalblogs	1046	base	-d	columnar	-2 -C		10	123	none		6.73957529	0.06	0.04	81	2	0	full 13x5 refresh after merging master in; idle machine, interleaved min-of-3
master-sync-F28	2026-08-13T01:29:00Z	3	3	min	507e0243ae68407a2384e6ffff88dc88	7aa0b264	PR#960	politicalblogs	1046	base	-d	columnar	-C		10	123	none		6.74094314	0.07	0.06	81	2	0	full 13x5 refresh after merging master in; idle machine, interleaved min-of-3
master-sync-F28	2026-08-13T01:29:00Z	3	3	min	507e0243ae68407a2384e6ffff88dc88	7aa0b264	PR#960	politicalblogs	1046	base	-d	columnar	-C -F		10	123	none		6.74094314	0.07	0.06	81	2	0	full 13x5 refresh after merging master in; idle machine, interleaved min-of-3
master-sync-F28	2026-08-13T01:29:00Z	3	3	min	507e0243ae68407a2384e6ffff88dc88	7aa0b264	PR#960	powergrid	4941	base		columnar	-2 -C		10	123	none		5.63729688	0.11	0.09	419	2	0	full 13x5 refresh after merging master in; idle machine, interleaved min-of-3
master-sync-F28	2026-08-13T01:29:00Z	3	3	min	507e0243ae68407a2384e6ffff88dc88	7aa0b264	PR#960	powergrid	4941	base		columnar	-C		10	123	none		4.74107206	0.26	0.24	5	5	0	full 13x5 refresh after merging master in; idle machine, interleaved min-of-3
master-sync-F28	2026-08-13T01:29:00Z	3	3	min	507e0243ae68407a2384e6ffff88dc88	7aa0b264	PR#960	powergrid	4941	base		columnar	-C -F		10	123	none		4.77402224	0.16	0.15	4	5	0	full 13x5 refresh after merging master in; idle machine, interleaved min-of-3
master-sync-F28	2026-08-13T01:29:00Z	3	3	min	507e0243ae68407a2384e6ffff88dc88	7aa0b264	PR#960	science2001	7170	base	-d	columnar	-2 -C		10	123	none		7.94997883	2.35	2.32	506	2	0	full 13x5 refresh after merging master in; idle machine, interleaved min-of-3
master-sync-F28	2026-08-13T01:29:00Z	3	3	min	507e0243ae68407a2384e6ffff88dc88	7aa0b264	PR#960	science2001	7170	base	-d	columnar	-C		10	123	none		7.83343660	3.06	3.03	15	3	0	full 13x5 refresh after merging master in; idle machine, interleaved min-of-3
master-sync-F28	2026-08-13T01:29:00Z	3	3	min	507e0243ae68407a2384e6ffff88dc88	7aa0b264	PR#960	science2001	7170	base	-d	columnar	-C -F		10	123	none		7.83343660	2.98	2.95	15	3	0	full 13x5 refresh after merging master in; idle machine, interleaved min-of-3
master-sync-F28	2026-08-13T01:29:00Z	3	3	min	507e0243ae68407a2384e6ffff88dc88	7aa0b264	PR#960	science2001-pref	7170	base	-d --preferred-number-of-modules 25	columnar	-2 -C		10	123	none		8.23558553	3.09	3.07	25	2	0	full 13x5 refresh after merging master in; idle machine, interleaved min-of-3
master-sync-F28	2026-08-13T01:29:00Z	3	3	min	507e0243ae68407a2384e6ffff88dc88	7aa0b264	PR#960	science2001-pref	7170	base	-d --preferred-number-of-modules 25	columnar	-C		10	123	none		8.23558553	3.27	3.25	25	2	0	full 13x5 refresh after merging master in; idle machine, interleaved min-of-3
master-sync-F28	2026-08-13T01:29:00Z	3	3	min	507e0243ae68407a2384e6ffff88dc88	7aa0b264	PR#960	science2001-pref	7170	base	-d --preferred-number-of-modules 25	columnar	-C -F		10	123	none		8.23558553	3.20	3.18	25	2	0	full 13x5 refresh after merging master in; idle machine, interleaved min-of-3
master-sync-F28	2026-08-13T01:29:00Z	3	3	min	507e0243ae68407a2384e6ffff88dc88	7aa0b264	PR#960	web-NotreDame	325729	base	-d	columnar	-2 -C		10	123	none		6.75421666	18.34	18.29	11991	2	0	full 13x5 refresh after merging master in; idle machine, interleaved min-of-3
master-sync-F28	2026-08-13T01:29:00Z	3	3	min	507e0243ae68407a2384e6ffff88dc88	7aa0b264	PR#960	web-NotreDame	325729	base	-d	columnar	-C		10	123	none		5.56852929	20.26	20.20	5	6	0	full 13x5 refresh after merging master in; idle machine, interleaved min-of-3
master-sync-F28	2026-08-13T01:29:00Z	3	3	min	507e0243ae68407a2384e6ffff88dc88	7aa0b264	PR#960	web-NotreDame	325729	base	-d	columnar	-C -F		10	123	none		5.62506198	15.28	15.22	2	5	0	full 13x5 refresh after merging master in; idle machine, interleaved min-of-3
master-sync-F28	2026-08-13T01:29:00Z	3	3	min	774b8fa1f6c11c4e8c9ea2f52e978204	4a14af69	PR#808	air30k	13213	state		OO	-2		10	123	none		5.39331278	4.37	4.35	332	2	0	full 13x5 refresh after merging master in; idle machine, interleaved min-of-3
master-sync-F28	2026-08-13T01:29:00Z	3	3	min	774b8fa1f6c11c4e8c9ea2f52e978204	4a14af69	PR#808	air30k	13213	state		OO	OO		10	123	none		5.39287115	11.33	11.30	16	4	0	full 13x5 refresh after merging master in; idle machine, interleaved min-of-3
master-sync-F28	2026-08-13T01:29:00Z	3	3	min	774b8fa1f6c11c4e8c9ea2f52e978204	4a14af69	PR#808	air30k	13213	state		columnar	-2 -C		10	123	none		5.39305505	3.45	3.43	334	2	0	full 13x5 refresh after merging master in; idle machine, interleaved min-of-3
master-sync-F28	2026-08-13T01:29:00Z	3	3	min	774b8fa1f6c11c4e8c9ea2f52e978204	4a14af69	PR#808	air30k	13213	state		columnar	-C		10	123	none		5.39242541	3.80	3.78	22	3	0	full 13x5 refresh after merging master in; idle machine, interleaved min-of-3
master-sync-F28	2026-08-13T01:29:00Z	3	3	min	774b8fa1f6c11c4e8c9ea2f52e978204	4a14af69	PR#808	air30k	13213	state		columnar	-C -F		10	123	none		5.39242541	3.57	3.55	22	3	0	full 13x5 refresh after merging master in; idle machine, interleaved min-of-3
master-sync-F28	2026-08-13T01:29:00Z	3	3	min	774b8fa1f6c11c4e8c9ea2f52e978204	4a14af69	PR#808	air30k-reg	13213	state	-d --regularized	OO	-2		10	123	none		5.57921689	5.53	5.51	301	2	0	full 13x5 refresh after merging master in; idle machine, interleaved min-of-3
master-sync-F28	2026-08-13T01:29:00Z	3	3	min	774b8fa1f6c11c4e8c9ea2f52e978204	4a14af69	PR#808	air30k-reg	13213	state	-d --regularized	OO	OO		10	123	none		5.57843563	7.42	7.39	301	3	0	full 13x5 refresh after merging master in; idle machine, interleaved min-of-3
master-sync-F28	2026-08-13T01:29:00Z	3	3	min	774b8fa1f6c11c4e8c9ea2f52e978204	4a14af69	PR#808	air30k-reg	13213	state	-d --regularized	columnar	-2 -C		10	123	none		5.57557704	3.63	3.61	304	2	0	full 13x5 refresh after merging master in; idle machine, interleaved min-of-3
master-sync-F28	2026-08-13T01:29:00Z	3	3	min	774b8fa1f6c11c4e8c9ea2f52e978204	4a14af69	PR#808	air30k-reg	13213	state	-d --regularized	columnar	-C		10	123	none		5.57624241	4.06	4.03	11	3	0	full 13x5 refresh after merging master in; idle machine, interleaved min-of-3
master-sync-F28	2026-08-13T01:29:00Z	3	3	min	774b8fa1f6c11c4e8c9ea2f52e978204	4a14af69	PR#808	air30k-reg	13213	state	-d --regularized	columnar	-C -F		10	123	none		5.57624241	3.58	3.56	11	3	0	full 13x5 refresh after merging master in; idle machine, interleaved min-of-3
master-sync-F28	2026-08-13T01:29:00Z	3	3	min	774b8fa1f6c11c4e8c9ea2f52e978204	4a14af69	PR#808	jazz	198	base		OO	-2		10	123	none		6.86304747	0.02	0.01	5	2	0	full 13x5 refresh after merging master in; idle machine, interleaved min-of-3
master-sync-F28	2026-08-13T01:29:00Z	3	3	min	774b8fa1f6c11c4e8c9ea2f52e978204	4a14af69	PR#808	jazz	198	base		OO	OO		10	123	none		6.86304747	0.03	0.02	5	2	0	full 13x5 refresh after merging master in; idle machine, interleaved min-of-3
master-sync-F28	2026-08-13T01:29:00Z	3	3	min	774b8fa1f6c11c4e8c9ea2f52e978204	4a14af69	PR#808	jazz	198	base		columnar	-2 -C		10	123	none		6.86122977	0.02	0.01	6	2	0	full 13x5 refresh after merging master in; idle machine, interleaved min-of-3
master-sync-F28	2026-08-13T01:29:00Z	3	3	min	774b8fa1f6c11c4e8c9ea2f52e978204	4a14af69	PR#808	jazz	198	base		columnar	-C		10	123	none		6.86275593	0.02	0.01	6	2	0	full 13x5 refresh after merging master in; idle machine, interleaved min-of-3
master-sync-F28	2026-08-13T01:29:00Z	3	3	min	774b8fa1f6c11c4e8c9ea2f52e978204	4a14af69	PR#808	jazz	198	base		columnar	-C -F		10	123	none		6.86275593	0.02	0.01	6	2	0	full 13x5 refresh after merging master in; idle machine, interleaved min-of-3
master-sync-F28	2026-08-13T01:29:00Z	3	3	min	774b8fa1f6c11c4e8c9ea2f52e978204	4a14af69	PR#808	lazega	69	meta	--meta-data	OO	-2		10	123	none		6.01786027	0.02	0.01	7	2	0	full 13x5 refresh after merging master in; idle machine, interleaved min-of-3
master-sync-F28	2026-08-13T01:29:00Z	3	3	min	774b8fa1f6c11c4e8c9ea2f52e978204	4a14af69	PR#808	lazega	69	meta	--meta-data	OO	OO		10	123	none		6.01786027	0.03	0.01	7	2	0	full 13x5 refresh after merging master in; idle machine, interleaved min-of-3
master-sync-F28	2026-08-13T01:29:00Z	3	3	min	774b8fa1f6c11c4e8c9ea2f52e978204	4a14af69	PR#808	lazega	69	meta	--meta-data	columnar	-2 -C		10	123	none		6.01786027	0.01	0.00	7	2	0	full 13x5 refresh after merging master in; idle machine, interleaved min-of-3
master-sync-F28	2026-08-13T01:29:00Z	3	3	min	774b8fa1f6c11c4e8c9ea2f52e978204	4a14af69	PR#808	lazega	69	meta	--meta-data	columnar	-C		10	123	none		6.01786027	0.01	0.00	7	2	0	full 13x5 refresh after merging master in; idle machine, interleaved min-of-3
master-sync-F28	2026-08-13T01:29:00Z	3	3	min	774b8fa1f6c11c4e8c9ea2f52e978204	4a14af69	PR#808	lazega	69	meta	--meta-data	columnar	-C -F		10	123	none		6.01786027	0.01	0.00	7	2	0	full 13x5 refresh after merging master in; idle machine, interleaved min-of-3
master-sync-F28	2026-08-13T01:29:00Z	3	3	min	774b8fa1f6c11c4e8c9ea2f52e978204	4a14af69	PR#808	malaria	307	multilayer		OO	-2		10	123	none		7.50595639	6.47	6.45	142	2	0	full 13x5 refresh after merging master in; idle machine, interleaved min-of-3
master-sync-F28	2026-08-13T01:29:00Z	3	3	min	774b8fa1f6c11c4e8c9ea2f52e978204	4a14af69	PR#808	malaria	307	multilayer		OO	OO		10	123	none		7.50242050	8.89	8.86	142	3	0	full 13x5 refresh after merging master in; idle machine, interleaved min-of-3
master-sync-F28	2026-08-13T01:29:00Z	3	3	min	774b8fa1f6c11c4e8c9ea2f52e978204	4a14af69	PR#808	malaria	307	multilayer		columnar	-2 -C		10	123	none		7.40044538	2.78	2.75	168	2	0	full 13x5 refresh after merging master in; idle machine, interleaved min-of-3
master-sync-F28	2026-08-13T01:29:00Z	3	3	min	774b8fa1f6c11c4e8c9ea2f52e978204	4a14af69	PR#808	malaria	307	multilayer		columnar	-C		10	123	none		7.39750171	3.17	3.15	2	3	0	full 13x5 refresh after merging master in; idle machine, interleaved min-of-3
master-sync-F28	2026-08-13T01:29:00Z	3	3	min	774b8fa1f6c11c4e8c9ea2f52e978204	4a14af69	PR#808	malaria	307	multilayer		columnar	-C -F		10	123	none		7.39750171	3.17	3.14	2	3	0	full 13x5 refresh after merging master in; idle machine, interleaved min-of-3
master-sync-F28	2026-08-13T01:29:00Z	3	3	min	774b8fa1f6c11c4e8c9ea2f52e978204	4a14af69	PR#808	multilayer	5	multilayer		OO	-2		10	123	none		2.01140524	0.01	0.00	2	2	0	full 13x5 refresh after merging master in; idle machine, interleaved min-of-3
master-sync-F28	2026-08-13T01:29:00Z	3	3	min	774b8fa1f6c11c4e8c9ea2f52e978204	4a14af69	PR#808	multilayer	5	multilayer		OO	OO		10	123	none		2.01140524	0.01	0.00	2	2	0	full 13x5 refresh after merging master in; idle machine, interleaved min-of-3
master-sync-F28	2026-08-13T01:29:00Z	3	3	min	774b8fa1f6c11c4e8c9ea2f52e978204	4a14af69	PR#808	multilayer	5	multilayer		columnar	-2 -C		10	123	none		2.01140524	0.01	0.00	2	2	0	full 13x5 refresh after merging master in; idle machine, interleaved min-of-3
master-sync-F28	2026-08-13T01:29:00Z	3	3	min	774b8fa1f6c11c4e8c9ea2f52e978204	4a14af69	PR#808	multilayer	5	multilayer		columnar	-C		10	123	none		2.01140524	0.01	0.00	2	2	0	full 13x5 refresh after merging master in; idle machine, interleaved min-of-3
master-sync-F28	2026-08-13T01:29:00Z	3	3	min	774b8fa1f6c11c4e8c9ea2f52e978204	4a14af69	PR#808	multilayer	5	multilayer		columnar	-C -F		10	123	none		2.01140524	0.01	0.00	2	2	0	full 13x5 refresh after merging master in; idle machine, interleaved min-of-3
master-sync-F28	2026-08-13T01:29:00Z	3	3	min	774b8fa1f6c11c4e8c9ea2f52e978204	4a14af69	PR#808	netscicoauthor2010	552	base		OO	-2		10	123	none		4.28501267	0.04	0.03	56	2	0	full 13x5 refresh after merging master in; idle machine, interleaved min-of-3
master-sync-F28	2026-08-13T01:29:00Z	3	3	min	774b8fa1f6c11c4e8c9ea2f52e978204	4a14af69	PR#808	netscicoauthor2010	552	base		OO	OO		10	123	none		4.04354934	0.13	0.12	2	5	0	full 13x5 refresh after merging master in; idle machine, interleaved min-of-3
master-sync-F28	2026-08-13T01:29:00Z	3	3	min	774b8fa1f6c11c4e8c9ea2f52e978204	4a14af69	PR#808	netscicoauthor2010	552	base		columnar	-2 -C		10	123	none		4.28307258	0.02	0.01	59	2	0	full 13x5 refresh after merging master in; idle machine, interleaved min-of-3
master-sync-F28	2026-08-13T01:29:00Z	3	3	min	774b8fa1f6c11c4e8c9ea2f52e978204	4a14af69	PR#808	netscicoauthor2010	552	base		columnar	-C		10	123	none		4.05454025	0.03	0.02	2	4	0	full 13x5 refresh after merging master in; idle machine, interleaved min-of-3
master-sync-F28	2026-08-13T01:29:00Z	3	3	min	774b8fa1f6c11c4e8c9ea2f52e978204	4a14af69	PR#808	netscicoauthor2010	552	base		columnar	-C -F		10	123	none		4.06300588	0.03	0.01	4	4	0	full 13x5 refresh after merging master in; idle machine, interleaved min-of-3
master-sync-F28	2026-08-13T01:29:00Z	3	3	min	774b8fa1f6c11c4e8c9ea2f52e978204	4a14af69	PR#808	ninetriangles	27	base		OO	-2		10	123	none		3.51775481	0.01	0.00	9	2	0	full 13x5 refresh after merging master in; idle machine, interleaved min-of-3
master-sync-F28	2026-08-13T01:29:00Z	3	3	min	774b8fa1f6c11c4e8c9ea2f52e978204	4a14af69	PR#808	ninetriangles	27	base		OO	OO		10	123	none		3.38583082	0.02	0.00	3	3	0	full 13x5 refresh after merging master in; idle machine, interleaved min-of-3
master-sync-F28	2026-08-13T01:29:00Z	3	3	min	774b8fa1f6c11c4e8c9ea2f52e978204	4a14af69	PR#808	ninetriangles	27	base		columnar	-2 -C		10	123	none		3.51775481	0.01	0.00	9	2	0	full 13x5 refresh after merging master in; idle machine, interleaved min-of-3
master-sync-F28	2026-08-13T01:29:00Z	3	3	min	774b8fa1f6c11c4e8c9ea2f52e978204	4a14af69	PR#808	ninetriangles	27	base		columnar	-C		10	123	none		3.38583082	0.01	0.00	3	3	0	full 13x5 refresh after merging master in; idle machine, interleaved min-of-3
master-sync-F28	2026-08-13T01:29:00Z	3	3	min	774b8fa1f6c11c4e8c9ea2f52e978204	4a14af69	PR#808	ninetriangles	27	base		columnar	-C -F		10	123	none		3.38583082	0.01	0.00	3	3	0	full 13x5 refresh after merging master in; idle machine, interleaved min-of-3
master-sync-F28	2026-08-13T01:29:00Z	3	3	min	774b8fa1f6c11c4e8c9ea2f52e978204	4a14af69	PR#808	politicalblogs	1046	base	-d	OO	-2		10	123	none		6.73972141	0.09	0.08	80	2	0	full 13x5 refresh after merging master in; idle machine, interleaved min-of-3
master-sync-F28	2026-08-13T01:29:00Z	3	3	min	774b8fa1f6c11c4e8c9ea2f52e978204	4a14af69	PR#808	politicalblogs	1046	base	-d	OO	OO		10	123	none		6.73892798	0.15	0.14	80	3	0	full 13x5 refresh after merging master in; idle machine, interleaved min-of-3
master-sync-F28	2026-08-13T01:29:00Z	3	3	min	774b8fa1f6c11c4e8c9ea2f52e978204	4a14af69	PR#808	politicalblogs	1046	base	-d	columnar	-2 -C		10	123	none		6.73957529	0.06	0.04	81	2	0	full 13x5 refresh after merging master in; idle machine, interleaved min-of-3
master-sync-F28	2026-08-13T01:29:00Z	3	3	min	774b8fa1f6c11c4e8c9ea2f52e978204	4a14af69	PR#808	politicalblogs	1046	base	-d	columnar	-C		10	123	none		6.74094314	0.07	0.06	81	2	0	full 13x5 refresh after merging master in; idle machine, interleaved min-of-3
master-sync-F28	2026-08-13T01:29:00Z	3	3	min	774b8fa1f6c11c4e8c9ea2f52e978204	4a14af69	PR#808	politicalblogs	1046	base	-d	columnar	-C -F		10	123	none		6.74094314	0.07	0.06	81	2	0	full 13x5 refresh after merging master in; idle machine, interleaved min-of-3
master-sync-F28	2026-08-13T01:29:00Z	3	3	min	774b8fa1f6c11c4e8c9ea2f52e978204	4a14af69	PR#808	powergrid	4941	base		OO	-2		10	123	none		5.60044386	0.57	0.55	419	2	0	full 13x5 refresh after merging master in; idle machine, interleaved min-of-3
master-sync-F28	2026-08-13T01:29:00Z	3	3	min	774b8fa1f6c11c4e8c9ea2f52e978204	4a14af69	PR#808	powergrid	4941	base		OO	OO		10	123	none		4.75872920	1.88	1.86	5	7	0	full 13x5 refresh after merging master in; idle machine, interleaved min-of-3
master-sync-F28	2026-08-13T01:29:00Z	3	3	min	774b8fa1f6c11c4e8c9ea2f52e978204	4a14af69	PR#808	powergrid	4941	base		columnar	-2 -C		10	123	none		5.63729688	0.11	0.09	419	2	0	full 13x5 refresh after merging master in; idle machine, interleaved min-of-3
master-sync-F28	2026-08-13T01:29:00Z	3	3	min	774b8fa1f6c11c4e8c9ea2f52e978204	4a14af69	PR#808	powergrid	4941	base		columnar	-C		10	123	none		4.74107206	0.26	0.25	5	5	0	full 13x5 refresh after merging master in; idle machine, interleaved min-of-3
master-sync-F28	2026-08-13T01:29:00Z	3	3	min	774b8fa1f6c11c4e8c9ea2f52e978204	4a14af69	PR#808	powergrid	4941	base		columnar	-C -F		10	123	none		4.77402224	0.17	0.15	4	5	0	full 13x5 refresh after merging master in; idle machine, interleaved min-of-3
master-sync-F28	2026-08-13T01:29:00Z	3	3	min	774b8fa1f6c11c4e8c9ea2f52e978204	4a14af69	PR#808	science2001	7170	base	-d	OO	-2		10	123	none		7.95003960	3.94	3.91	496	2	0	full 13x5 refresh after merging master in; idle machine, interleaved min-of-3
master-sync-F28	2026-08-13T01:29:00Z	3	3	min	774b8fa1f6c11c4e8c9ea2f52e978204	4a14af69	PR#808	science2001	7170	base	-d	OO	OO		10	123	none		7.83638921	7.66	7.62	11	4	0	full 13x5 refresh after merging master in; idle machine, interleaved min-of-3
master-sync-F28	2026-08-13T01:29:00Z	3	3	min	774b8fa1f6c11c4e8c9ea2f52e978204	4a14af69	PR#808	science2001	7170	base	-d	columnar	-2 -C		10	123	none		7.94997883	2.44	2.42	506	2	0	full 13x5 refresh after merging master in; idle machine, interleaved min-of-3
master-sync-F28	2026-08-13T01:29:00Z	3	3	min	774b8fa1f6c11c4e8c9ea2f52e978204	4a14af69	PR#808	science2001	7170	base	-d	columnar	-C		10	123	none		7.83343660	3.15	3.13	15	3	0	full 13x5 refresh after merging master in; idle machine, interleaved min-of-3
master-sync-F28	2026-08-13T01:29:00Z	3	3	min	774b8fa1f6c11c4e8c9ea2f52e978204	4a14af69	PR#808	science2001	7170	base	-d	columnar	-C -F		10	123	none		7.83343660	3.01	2.99	15	3	0	full 13x5 refresh after merging master in; idle machine, interleaved min-of-3
master-sync-F28	2026-08-13T01:29:00Z	3	3	min	774b8fa1f6c11c4e8c9ea2f52e978204	4a14af69	PR#808	science2001-pref	7170	base	-d --preferred-number-of-modules 25	OO	-2		10	123	none		8.13096953	5.84	5.81	25	2	0	full 13x5 refresh after merging master in; idle machine, interleaved min-of-3
master-sync-F28	2026-08-13T01:29:00Z	3	3	min	774b8fa1f6c11c4e8c9ea2f52e978204	4a14af69	PR#808	science2001-pref	7170	base	-d --preferred-number-of-modules 25	OO	OO		10	123	none		7.94035360	7.88	7.85	25	4	0	full 13x5 refresh after merging master in; idle machine, interleaved min-of-3
master-sync-F28	2026-08-13T01:29:00Z	3	3	min	774b8fa1f6c11c4e8c9ea2f52e978204	4a14af69	PR#808	science2001-pref	7170	base	-d --preferred-number-of-modules 25	columnar	-2 -C		10	123	none		8.23558553	3.06	3.04	25	2	0	full 13x5 refresh after merging master in; idle machine, interleaved min-of-3
master-sync-F28	2026-08-13T01:29:00Z	3	3	min	774b8fa1f6c11c4e8c9ea2f52e978204	4a14af69	PR#808	science2001-pref	7170	base	-d --preferred-number-of-modules 25	columnar	-C		10	123	none		8.23558553	3.35	3.32	25	2	0	full 13x5 refresh after merging master in; idle machine, interleaved min-of-3
master-sync-F28	2026-08-13T01:29:00Z	3	3	min	774b8fa1f6c11c4e8c9ea2f52e978204	4a14af69	PR#808	science2001-pref	7170	base	-d --preferred-number-of-modules 25	columnar	-C -F		10	123	none		8.23558553	3.23	3.21	25	2	0	full 13x5 refresh after merging master in; idle machine, interleaved min-of-3
master-sync-F28	2026-08-13T01:29:00Z	3	3	min	774b8fa1f6c11c4e8c9ea2f52e978204	4a14af69	PR#808	web-NotreDame	325729	base	-d	OO	-2		10	123	none		6.74298853	42.77	42.67	11809	2	0	full 13x5 refresh after merging master in; idle machine, interleaved min-of-3
master-sync-F28	2026-08-13T01:29:00Z	3	3	min	774b8fa1f6c11c4e8c9ea2f52e978204	4a14af69	PR#808	web-NotreDame	325729	base	-d	OO	OO		10	123	none		5.56592477	144.19	143.87	17	13	0	full 13x5 refresh after merging master in; idle machine, interleaved min-of-3
master-sync-F28	2026-08-13T01:29:00Z	3	3	min	774b8fa1f6c11c4e8c9ea2f52e978204	4a14af69	PR#808	web-NotreDame	325729	base	-d	columnar	-2 -C		10	123	none		6.75421666	18.49	18.42	11991	2	0	full 13x5 refresh after merging master in; idle machine, interleaved min-of-3
master-sync-F28	2026-08-13T01:29:00Z	3	3	min	774b8fa1f6c11c4e8c9ea2f52e978204	4a14af69	PR#808	web-NotreDame	325729	base	-d	columnar	-C		10	123	none		5.56852929	20.61	20.55	5	6	0	full 13x5 refresh after merging master in; idle machine, interleaved min-of-3
master-sync-F28	2026-08-13T01:29:00Z	3	3	min	774b8fa1f6c11c4e8c9ea2f52e978204	4a14af69	PR#808	web-NotreDame	325729	base	-d	columnar	-C -F		10	123	none		5.62506198	15.46	15.41	2	5	0	full 13x5 refresh after merging master in; idle machine, interleaved min-of-3
pr960-baseline	2026-08-13T12:36:00Z	3	3	min	507e0243ae68407a2384e6ffff88dc88	e579eba8	PR#960	air30k	13213	state		OO	-2		10	123	none		5.39331278	4.35	4.33	332	2	0	13x5 on the PR#960 binary + core columnar arms; idle machine, interleaved min-of-3
pr960-baseline	2026-08-13T12:36:00Z	3	3	min	507e0243ae68407a2384e6ffff88dc88	e579eba8	PR#960	air30k	13213	state		OO	OO		10	123	none		5.39287115	11.15	11.12	16	4	0	13x5 on the PR#960 binary + core columnar arms; idle machine, interleaved min-of-3
pr960-baseline	2026-08-13T12:36:00Z	3	3	min	507e0243ae68407a2384e6ffff88dc88	e579eba8	PR#960	air30k	13213	state		columnar	-2 -C		10	123	none		5.39305505	3.40	3.38	334	2	0	13x5 on the PR#960 binary + core columnar arms; idle machine, interleaved min-of-3
pr960-baseline	2026-08-13T12:36:00Z	3	3	min	507e0243ae68407a2384e6ffff88dc88	e579eba8	PR#960	air30k	13213	state		columnar	-C		10	123	none		5.39242541	3.75	3.72	22	3	0	13x5 on the PR#960 binary + core columnar arms; idle machine, interleaved min-of-3
pr960-baseline	2026-08-13T12:36:00Z	3	3	min	507e0243ae68407a2384e6ffff88dc88	e579eba8	PR#960	air30k	13213	state		columnar	-C -F		10	123	none		5.39242541	3.48	3.46	22	3	0	13x5 on the PR#960 binary + core columnar arms; idle machine, interleaved min-of-3
pr960-baseline	2026-08-13T12:36:00Z	3	3	min	507e0243ae68407a2384e6ffff88dc88	e579eba8	PR#960	air30k-reg	13213	state	-d --regularized	OO	-2		10	123	none		5.57921689	5.50	5.47	301	2	0	13x5 on the PR#960 binary + core columnar arms; idle machine, interleaved min-of-3
pr960-baseline	2026-08-13T12:36:00Z	3	3	min	507e0243ae68407a2384e6ffff88dc88	e579eba8	PR#960	air30k-reg	13213	state	-d --regularized	OO	OO		10	123	none		5.57843563	7.37	7.34	301	3	0	13x5 on the PR#960 binary + core columnar arms; idle machine, interleaved min-of-3
pr960-baseline	2026-08-13T12:36:00Z	3	3	min	507e0243ae68407a2384e6ffff88dc88	e579eba8	PR#960	air30k-reg	13213	state	-d --regularized	columnar	-2 -C		10	123	none		5.57557704	3.63	3.61	304	2	0	13x5 on the PR#960 binary + core columnar arms; idle machine, interleaved min-of-3
pr960-baseline	2026-08-13T12:36:00Z	3	3	min	507e0243ae68407a2384e6ffff88dc88	e579eba8	PR#960	air30k-reg	13213	state	-d --regularized	columnar	-C		10	123	none		5.57624241	4.02	3.99	11	3	0	13x5 on the PR#960 binary + core columnar arms; idle machine, interleaved min-of-3
pr960-baseline	2026-08-13T12:36:00Z	3	3	min	507e0243ae68407a2384e6ffff88dc88	e579eba8	PR#960	air30k-reg	13213	state	-d --regularized	columnar	-C -F		10	123	none		5.57624241	3.56	3.54	11	3	0	13x5 on the PR#960 binary + core columnar arms; idle machine, interleaved min-of-3
pr960-baseline	2026-08-13T12:36:00Z	3	3	min	507e0243ae68407a2384e6ffff88dc88	e579eba8	PR#960	jazz	198	base		OO	-2		10	123	none		6.86304747	0.02	0.01	5	2	0	13x5 on the PR#960 binary + core columnar arms; idle machine, interleaved min-of-3
pr960-baseline	2026-08-13T12:36:00Z	3	3	min	507e0243ae68407a2384e6ffff88dc88	e579eba8	PR#960	jazz	198	base		OO	OO		10	123	none		6.86304747	0.03	0.02	5	2	0	13x5 on the PR#960 binary + core columnar arms; idle machine, interleaved min-of-3
pr960-baseline	2026-08-13T12:36:00Z	3	3	min	507e0243ae68407a2384e6ffff88dc88	e579eba8	PR#960	jazz	198	base		columnar	-2 -C		10	123	none		6.86122977	0.02	0.01	6	2	0	13x5 on the PR#960 binary + core columnar arms; idle machine, interleaved min-of-3
pr960-baseline	2026-08-13T12:36:00Z	3	3	min	507e0243ae68407a2384e6ffff88dc88	e579eba8	PR#960	jazz	198	base		columnar	-C		10	123	none		6.86275593	0.02	0.01	6	2	0	13x5 on the PR#960 binary + core columnar arms; idle machine, interleaved min-of-3
pr960-baseline	2026-08-13T12:36:00Z	3	3	min	507e0243ae68407a2384e6ffff88dc88	e579eba8	PR#960	jazz	198	base		columnar	-C -F		10	123	none		6.86275593	0.02	0.00	6	2	0	13x5 on the PR#960 binary + core columnar arms; idle machine, interleaved min-of-3
pr960-baseline	2026-08-13T12:36:00Z	3	3	min	507e0243ae68407a2384e6ffff88dc88	e579eba8	PR#960	lazega	69	meta	--meta-data	OO	-2		10	123	none		6.01786027	0.02	0.01	7	2	0	13x5 on the PR#960 binary + core columnar arms; idle machine, interleaved min-of-3
pr960-baseline	2026-08-13T12:36:00Z	3	3	min	507e0243ae68407a2384e6ffff88dc88	e579eba8	PR#960	lazega	69	meta	--meta-data	OO	OO		10	123	none		6.01786027	0.03	0.01	7	2	0	13x5 on the PR#960 binary + core columnar arms; idle machine, interleaved min-of-3
pr960-baseline	2026-08-13T12:36:00Z	3	3	min	507e0243ae68407a2384e6ffff88dc88	e579eba8	PR#960	lazega	69	meta	--meta-data	columnar	-2 -C		10	123	none		6.01786027	0.01	0.00	7	2	0	13x5 on the PR#960 binary + core columnar arms; idle machine, interleaved min-of-3
pr960-baseline	2026-08-13T12:36:00Z	3	3	min	507e0243ae68407a2384e6ffff88dc88	e579eba8	PR#960	lazega	69	meta	--meta-data	columnar	-C		10	123	none		6.01786027	0.01	0.00	7	2	0	13x5 on the PR#960 binary + core columnar arms; idle machine, interleaved min-of-3
pr960-baseline	2026-08-13T12:36:00Z	3	3	min	507e0243ae68407a2384e6ffff88dc88	e579eba8	PR#960	lazega	69	meta	--meta-data	columnar	-C -F		10	123	none		6.01786027	0.01	0.00	7	2	0	13x5 on the PR#960 binary + core columnar arms; idle machine, interleaved min-of-3
pr960-baseline	2026-08-13T12:36:00Z	3	3	min	507e0243ae68407a2384e6ffff88dc88	e579eba8	PR#960	malaria	307	multilayer		OO	-2		10	123	none		7.50595639	6.29	6.26	142	2	0	13x5 on the PR#960 binary + core columnar arms; idle machine, interleaved min-of-3
pr960-baseline	2026-08-13T12:36:00Z	3	3	min	507e0243ae68407a2384e6ffff88dc88	e579eba8	PR#960	malaria	307	multilayer		OO	OO		10	123	none		7.50242050	8.78	8.74	142	3	0	13x5 on the PR#960 binary + core columnar arms; idle machine, interleaved min-of-3
pr960-baseline	2026-08-13T12:36:00Z	3	3	min	507e0243ae68407a2384e6ffff88dc88	e579eba8	PR#960	malaria	307	multilayer		columnar	-2 -C		10	123	none		7.40044538	2.71	2.70	168	2	0	13x5 on the PR#960 binary + core columnar arms; idle machine, interleaved min-of-3
pr960-baseline	2026-08-13T12:36:00Z	3	3	min	507e0243ae68407a2384e6ffff88dc88	e579eba8	PR#960	malaria	307	multilayer		columnar	-C		10	123	none		7.39750171	3.10	3.08	2	3	0	13x5 on the PR#960 binary + core columnar arms; idle machine, interleaved min-of-3
pr960-baseline	2026-08-13T12:36:00Z	3	3	min	507e0243ae68407a2384e6ffff88dc88	e579eba8	PR#960	malaria	307	multilayer		columnar	-C -F		10	123	none		7.39750171	3.09	3.06	2	3	0	13x5 on the PR#960 binary + core columnar arms; idle machine, interleaved min-of-3
pr960-baseline	2026-08-13T12:36:00Z	3	3	min	507e0243ae68407a2384e6ffff88dc88	e579eba8	PR#960	multilayer	5	multilayer		OO	-2		10	123	none		2.01140524	0.01	0.00	2	2	0	13x5 on the PR#960 binary + core columnar arms; idle machine, interleaved min-of-3
pr960-baseline	2026-08-13T12:36:00Z	3	3	min	507e0243ae68407a2384e6ffff88dc88	e579eba8	PR#960	multilayer	5	multilayer		OO	OO		10	123	none		2.01140524	0.01	0.00	2	2	0	13x5 on the PR#960 binary + core columnar arms; idle machine, interleaved min-of-3
pr960-baseline	2026-08-13T12:36:00Z	3	3	min	507e0243ae68407a2384e6ffff88dc88	e579eba8	PR#960	multilayer	5	multilayer		columnar	-2 -C		10	123	none		2.01140524	0.01	0.00	2	2	0	13x5 on the PR#960 binary + core columnar arms; idle machine, interleaved min-of-3
pr960-baseline	2026-08-13T12:36:00Z	3	3	min	507e0243ae68407a2384e6ffff88dc88	e579eba8	PR#960	multilayer	5	multilayer		columnar	-C		10	123	none		2.01140524	0.01	0.00	2	2	0	13x5 on the PR#960 binary + core columnar arms; idle machine, interleaved min-of-3
pr960-baseline	2026-08-13T12:36:00Z	3	3	min	507e0243ae68407a2384e6ffff88dc88	e579eba8	PR#960	multilayer	5	multilayer		columnar	-C -F		10	123	none		2.01140524	0.01	0.00	2	2	0	13x5 on the PR#960 binary + core columnar arms; idle machine, interleaved min-of-3
pr960-baseline	2026-08-13T12:36:00Z	3	3	min	507e0243ae68407a2384e6ffff88dc88	e579eba8	PR#960	netscicoauthor2010	552	base		OO	-2		10	123	none		4.28501267	0.04	0.03	56	2	0	13x5 on the PR#960 binary + core columnar arms; idle machine, interleaved min-of-3
pr960-baseline	2026-08-13T12:36:00Z	3	3	min	507e0243ae68407a2384e6ffff88dc88	e579eba8	PR#960	netscicoauthor2010	552	base		OO	OO		10	123	none		4.04354934	0.13	0.12	2	5	0	13x5 on the PR#960 binary + core columnar arms; idle machine, interleaved min-of-3
pr960-baseline	2026-08-13T12:36:00Z	3	3	min	507e0243ae68407a2384e6ffff88dc88	e579eba8	PR#960	netscicoauthor2010	552	base		columnar	-2 -C		10	123	none		4.28307258	0.02	0.01	59	2	0	13x5 on the PR#960 binary + core columnar arms; idle machine, interleaved min-of-3
pr960-baseline	2026-08-13T12:36:00Z	3	3	min	507e0243ae68407a2384e6ffff88dc88	e579eba8	PR#960	netscicoauthor2010	552	base		columnar	-C		10	123	none		4.05454025	0.03	0.02	2	4	0	13x5 on the PR#960 binary + core columnar arms; idle machine, interleaved min-of-3
pr960-baseline	2026-08-13T12:36:00Z	3	3	min	507e0243ae68407a2384e6ffff88dc88	e579eba8	PR#960	netscicoauthor2010	552	base		columnar	-C -F		10	123	none		4.06300588	0.03	0.01	4	4	0	13x5 on the PR#960 binary + core columnar arms; idle machine, interleaved min-of-3
pr960-baseline	2026-08-13T12:36:00Z	3	3	min	507e0243ae68407a2384e6ffff88dc88	e579eba8	PR#960	ninetriangles	27	base		OO	-2		10	123	none		3.51775481	0.01	0.00	9	2	0	13x5 on the PR#960 binary + core columnar arms; idle machine, interleaved min-of-3
pr960-baseline	2026-08-13T12:36:00Z	3	3	min	507e0243ae68407a2384e6ffff88dc88	e579eba8	PR#960	ninetriangles	27	base		OO	OO		10	123	none		3.38583082	0.02	0.00	3	3	0	13x5 on the PR#960 binary + core columnar arms; idle machine, interleaved min-of-3
pr960-baseline	2026-08-13T12:36:00Z	3	3	min	507e0243ae68407a2384e6ffff88dc88	e579eba8	PR#960	ninetriangles	27	base		columnar	-2 -C		10	123	none		3.51775481	0.01	0.00	9	2	0	13x5 on the PR#960 binary + core columnar arms; idle machine, interleaved min-of-3
pr960-baseline	2026-08-13T12:36:00Z	3	3	min	507e0243ae68407a2384e6ffff88dc88	e579eba8	PR#960	ninetriangles	27	base		columnar	-C		10	123	none		3.38583082	0.01	0.00	3	3	0	13x5 on the PR#960 binary + core columnar arms; idle machine, interleaved min-of-3
pr960-baseline	2026-08-13T12:36:00Z	3	3	min	507e0243ae68407a2384e6ffff88dc88	e579eba8	PR#960	ninetriangles	27	base		columnar	-C -F		10	123	none		3.38583082	0.01	0.00	3	3	0	13x5 on the PR#960 binary + core columnar arms; idle machine, interleaved min-of-3
pr960-baseline	2026-08-13T12:36:00Z	3	3	min	507e0243ae68407a2384e6ffff88dc88	e579eba8	PR#960	politicalblogs	1046	base	-d	OO	-2		10	123	none		6.73972141	0.09	0.08	80	2	0	13x5 on the PR#960 binary + core columnar arms; idle machine, interleaved min-of-3
pr960-baseline	2026-08-13T12:36:00Z	3	3	min	507e0243ae68407a2384e6ffff88dc88	e579eba8	PR#960	politicalblogs	1046	base	-d	OO	OO		10	123	none		6.73892798	0.15	0.13	80	3	0	13x5 on the PR#960 binary + core columnar arms; idle machine, interleaved min-of-3
pr960-baseline	2026-08-13T12:36:00Z	3	3	min	507e0243ae68407a2384e6ffff88dc88	e579eba8	PR#960	politicalblogs	1046	base	-d	columnar	-2 -C		10	123	none		6.73957529	0.06	0.04	81	2	0	13x5 on the PR#960 binary + core columnar arms; idle machine, interleaved min-of-3
pr960-baseline	2026-08-13T12:36:00Z	3	3	min	507e0243ae68407a2384e6ffff88dc88	e579eba8	PR#960	politicalblogs	1046	base	-d	columnar	-C		10	123	none		6.74094314	0.07	0.06	81	2	0	13x5 on the PR#960 binary + core columnar arms; idle machine, interleaved min-of-3
pr960-baseline	2026-08-13T12:36:00Z	3	3	min	507e0243ae68407a2384e6ffff88dc88	e579eba8	PR#960	politicalblogs	1046	base	-d	columnar	-C -F		10	123	none		6.74094314	0.07	0.06	81	2	0	13x5 on the PR#960 binary + core columnar arms; idle machine, interleaved min-of-3
pr960-baseline	2026-08-13T12:36:00Z	3	3	min	507e0243ae68407a2384e6ffff88dc88	e579eba8	PR#960	powergrid	4941	base		OO	-2		10	123	none		5.60044386	0.56	0.54	419	2	0	13x5 on the PR#960 binary + core columnar arms; idle machine, interleaved min-of-3
pr960-baseline	2026-08-13T12:36:00Z	3	3	min	507e0243ae68407a2384e6ffff88dc88	e579eba8	PR#960	powergrid	4941	base		OO	OO		10	123	none		4.75872920	1.87	1.85	5	7	0	13x5 on the PR#960 binary + core columnar arms; idle machine, interleaved min-of-3
pr960-baseline	2026-08-13T12:36:00Z	3	3	min	507e0243ae68407a2384e6ffff88dc88	e579eba8	PR#960	powergrid	4941	base		columnar	-2 -C		10	123	none		5.63729688	0.11	0.09	419	2	0	13x5 on the PR#960 binary + core columnar arms; idle machine, interleaved min-of-3
pr960-baseline	2026-08-13T12:36:00Z	3	3	min	507e0243ae68407a2384e6ffff88dc88	e579eba8	PR#960	powergrid	4941	base		columnar	-C		10	123	none		4.74107206	0.26	0.24	5	5	0	13x5 on the PR#960 binary + core columnar arms; idle machine, interleaved min-of-3
pr960-baseline	2026-08-13T12:36:00Z	3	3	min	507e0243ae68407a2384e6ffff88dc88	e579eba8	PR#960	powergrid	4941	base		columnar	-C -F		10	123	none		4.77402224	0.17	0.15	4	5	0	13x5 on the PR#960 binary + core columnar arms; idle machine, interleaved min-of-3
pr960-baseline	2026-08-13T12:36:00Z	3	3	min	507e0243ae68407a2384e6ffff88dc88	e579eba8	PR#960	science2001	7170	base	-d	OO	-2		10	123	none		7.95003960	3.83	3.81	496	2	0	13x5 on the PR#960 binary + core columnar arms; idle machine, interleaved min-of-3
pr960-baseline	2026-08-13T12:36:00Z	3	3	min	507e0243ae68407a2384e6ffff88dc88	e579eba8	PR#960	science2001	7170	base	-d	OO	OO		10	123	none		7.83638921	7.59	7.55	11	4	0	13x5 on the PR#960 binary + core columnar arms; idle machine, interleaved min-of-3
pr960-baseline	2026-08-13T12:36:00Z	3	3	min	507e0243ae68407a2384e6ffff88dc88	e579eba8	PR#960	science2001	7170	base	-d	columnar	-2 -C		10	123	none		7.94997883	2.35	2.33	506	2	0	13x5 on the PR#960 binary + core columnar arms; idle machine, interleaved min-of-3
pr960-baseline	2026-08-13T12:36:00Z	3	3	min	507e0243ae68407a2384e6ffff88dc88	e579eba8	PR#960	science2001	7170	base	-d	columnar	-C		10	123	none		7.83343660	3.05	3.02	15	3	0	13x5 on the PR#960 binary + core columnar arms; idle machine, interleaved min-of-3
pr960-baseline	2026-08-13T12:36:00Z	3	3	min	507e0243ae68407a2384e6ffff88dc88	e579eba8	PR#960	science2001	7170	base	-d	columnar	-C -F		10	123	none		7.83343660	2.95	2.93	15	3	0	13x5 on the PR#960 binary + core columnar arms; idle machine, interleaved min-of-3
pr960-baseline	2026-08-13T12:36:00Z	3	3	min	507e0243ae68407a2384e6ffff88dc88	e579eba8	PR#960	science2001-pref	7170	base	-d --preferred-number-of-modules 25	OO	-2		10	123	none		8.13096953	5.74	5.71	25	2	0	13x5 on the PR#960 binary + core columnar arms; idle machine, interleaved min-of-3
pr960-baseline	2026-08-13T12:36:00Z	3	3	min	507e0243ae68407a2384e6ffff88dc88	e579eba8	PR#960	science2001-pref	7170	base	-d --preferred-number-of-modules 25	OO	OO		10	123	none		7.94035360	7.84	7.81	25	4	0	13x5 on the PR#960 binary + core columnar arms; idle machine, interleaved min-of-3
pr960-baseline	2026-08-13T12:36:00Z	3	3	min	507e0243ae68407a2384e6ffff88dc88	e579eba8	PR#960	science2001-pref	7170	base	-d --preferred-number-of-modules 25	columnar	-2 -C		10	123	none		8.23558553	3.04	3.01	25	2	0	13x5 on the PR#960 binary + core columnar arms; idle machine, interleaved min-of-3
pr960-baseline	2026-08-13T12:36:00Z	3	3	min	507e0243ae68407a2384e6ffff88dc88	e579eba8	PR#960	science2001-pref	7170	base	-d --preferred-number-of-modules 25	columnar	-C		10	123	none		8.23558553	3.28	3.26	25	2	0	13x5 on the PR#960 binary + core columnar arms; idle machine, interleaved min-of-3
pr960-baseline	2026-08-13T12:36:00Z	3	3	min	507e0243ae68407a2384e6ffff88dc88	e579eba8	PR#960	science2001-pref	7170	base	-d --preferred-number-of-modules 25	columnar	-C -F		10	123	none		8.23558553	3.20	3.18	25	2	0	13x5 on the PR#960 binary + core columnar arms; idle machine, interleaved min-of-3
pr960-baseline	2026-08-13T12:36:00Z	3	3	min	507e0243ae68407a2384e6ffff88dc88	e579eba8	PR#960	web-NotreDame	325729	base	-d	OO	-2		10	123	none		6.74298853	41.63	41.53	11809	2	0	13x5 on the PR#960 binary + core columnar arms; idle machine, interleaved min-of-3
pr960-baseline	2026-08-13T12:36:00Z	3	3	min	507e0243ae68407a2384e6ffff88dc88	e579eba8	PR#960	web-NotreDame	325729	base	-d	OO	OO		10	123	none		5.56592477	140.83	140.49	17	13	0	13x5 on the PR#960 binary + core columnar arms; idle machine, interleaved min-of-3
pr960-baseline	2026-08-13T12:36:00Z	3	3	min	507e0243ae68407a2384e6ffff88dc88	e579eba8	PR#960	web-NotreDame	325729	base	-d	columnar	-2 -C		10	123	none		6.75421666	17.33	17.28	11991	2	0	13x5 on the PR#960 binary + core columnar arms; idle machine, interleaved min-of-3
pr960-baseline	2026-08-13T12:36:00Z	3	3	min	507e0243ae68407a2384e6ffff88dc88	e579eba8	PR#960	web-NotreDame	325729	base	-d	columnar	-C		10	123	none		5.56852929	19.78	19.73	5	6	0	13x5 on the PR#960 binary + core columnar arms; idle machine, interleaved min-of-3
pr960-baseline	2026-08-13T12:36:00Z	3	3	min	507e0243ae68407a2384e6ffff88dc88	e579eba8	PR#960	web-NotreDame	325729	base	-d	columnar	-C -F		10	123	none		5.62506198	14.86	14.83	2	5	0	13x5 on the PR#960 binary + core columnar arms; idle machine, interleaved min-of-3
pr960-baseline	2026-08-13T12:36:00Z	3	3	min	774b8fa1f6c11c4e8c9ea2f52e978204	41dc9e05	PR#960	air30k	13213	state		columnar	-2 -C		10	123	none		5.39305505	3.42	3.40	334	2	0	13x5 on the PR#960 binary + core columnar arms; idle machine, interleaved min-of-3
pr960-baseline	2026-08-13T12:36:00Z	3	3	min	774b8fa1f6c11c4e8c9ea2f52e978204	41dc9e05	PR#960	air30k	13213	state		columnar	-C		10	123	none		5.39242541	3.77	3.75	22	3	0	13x5 on the PR#960 binary + core columnar arms; idle machine, interleaved min-of-3
pr960-baseline	2026-08-13T12:36:00Z	3	3	min	774b8fa1f6c11c4e8c9ea2f52e978204	41dc9e05	PR#960	air30k	13213	state		columnar	-C -F		10	123	none		5.39242541	3.50	3.48	22	3	0	13x5 on the PR#960 binary + core columnar arms; idle machine, interleaved min-of-3
pr960-baseline	2026-08-13T12:36:00Z	3	3	min	774b8fa1f6c11c4e8c9ea2f52e978204	41dc9e05	PR#960	air30k-reg	13213	state	-d --regularized	columnar	-2 -C		10	123	none		5.57557704	3.62	3.60	304	2	0	13x5 on the PR#960 binary + core columnar arms; idle machine, interleaved min-of-3
pr960-baseline	2026-08-13T12:36:00Z	3	3	min	774b8fa1f6c11c4e8c9ea2f52e978204	41dc9e05	PR#960	air30k-reg	13213	state	-d --regularized	columnar	-C		10	123	none		5.57624241	4.05	4.02	11	3	0	13x5 on the PR#960 binary + core columnar arms; idle machine, interleaved min-of-3
pr960-baseline	2026-08-13T12:36:00Z	3	3	min	774b8fa1f6c11c4e8c9ea2f52e978204	41dc9e05	PR#960	air30k-reg	13213	state	-d --regularized	columnar	-C -F		10	123	none		5.57624241	3.53	3.51	11	3	0	13x5 on the PR#960 binary + core columnar arms; idle machine, interleaved min-of-3
pr960-baseline	2026-08-13T12:36:00Z	3	3	min	774b8fa1f6c11c4e8c9ea2f52e978204	41dc9e05	PR#960	jazz	198	base		columnar	-2 -C		10	123	none		6.86122977	0.02	0.01	6	2	0	13x5 on the PR#960 binary + core columnar arms; idle machine, interleaved min-of-3
pr960-baseline	2026-08-13T12:36:00Z	3	3	min	774b8fa1f6c11c4e8c9ea2f52e978204	41dc9e05	PR#960	jazz	198	base		columnar	-C		10	123	none		6.86275593	0.02	0.01	6	2	0	13x5 on the PR#960 binary + core columnar arms; idle machine, interleaved min-of-3
pr960-baseline	2026-08-13T12:36:00Z	3	3	min	774b8fa1f6c11c4e8c9ea2f52e978204	41dc9e05	PR#960	jazz	198	base		columnar	-C -F		10	123	none		6.86275593	0.02	0.01	6	2	0	13x5 on the PR#960 binary + core columnar arms; idle machine, interleaved min-of-3
pr960-baseline	2026-08-13T12:36:00Z	3	3	min	774b8fa1f6c11c4e8c9ea2f52e978204	41dc9e05	PR#960	lazega	69	meta	--meta-data	columnar	-2 -C		10	123	none		6.01786027	0.01	0.00	7	2	0	13x5 on the PR#960 binary + core columnar arms; idle machine, interleaved min-of-3
pr960-baseline	2026-08-13T12:36:00Z	3	3	min	774b8fa1f6c11c4e8c9ea2f52e978204	41dc9e05	PR#960	lazega	69	meta	--meta-data	columnar	-C		10	123	none		6.01786027	0.01	0.00	7	2	0	13x5 on the PR#960 binary + core columnar arms; idle machine, interleaved min-of-3
pr960-baseline	2026-08-13T12:36:00Z	3	3	min	774b8fa1f6c11c4e8c9ea2f52e978204	41dc9e05	PR#960	lazega	69	meta	--meta-data	columnar	-C -F		10	123	none		6.01786027	0.01	0.00	7	2	0	13x5 on the PR#960 binary + core columnar arms; idle machine, interleaved min-of-3
pr960-baseline	2026-08-13T12:36:00Z	3	3	min	774b8fa1f6c11c4e8c9ea2f52e978204	41dc9e05	PR#960	malaria	307	multilayer		columnar	-2 -C		10	123	none		7.40044538	2.77	2.75	168	2	0	13x5 on the PR#960 binary + core columnar arms; idle machine, interleaved min-of-3
pr960-baseline	2026-08-13T12:36:00Z	3	3	min	774b8fa1f6c11c4e8c9ea2f52e978204	41dc9e05	PR#960	malaria	307	multilayer		columnar	-C		10	123	none		7.39750171	3.19	3.16	2	3	0	13x5 on the PR#960 binary + core columnar arms; idle machine, interleaved min-of-3
pr960-baseline	2026-08-13T12:36:00Z	3	3	min	774b8fa1f6c11c4e8c9ea2f52e978204	41dc9e05	PR#960	malaria	307	multilayer		columnar	-C -F		10	123	none		7.39750171	3.12	3.10	2	3	0	13x5 on the PR#960 binary + core columnar arms; idle machine, interleaved min-of-3
pr960-baseline	2026-08-13T12:36:00Z	3	3	min	774b8fa1f6c11c4e8c9ea2f52e978204	41dc9e05	PR#960	multilayer	5	multilayer		columnar	-2 -C		10	123	none		2.01140524	0.01	0.00	2	2	0	13x5 on the PR#960 binary + core columnar arms; idle machine, interleaved min-of-3
pr960-baseline	2026-08-13T12:36:00Z	3	3	min	774b8fa1f6c11c4e8c9ea2f52e978204	41dc9e05	PR#960	multilayer	5	multilayer		columnar	-C		10	123	none		2.01140524	0.01	0.00	2	2	0	13x5 on the PR#960 binary + core columnar arms; idle machine, interleaved min-of-3
pr960-baseline	2026-08-13T12:36:00Z	3	3	min	774b8fa1f6c11c4e8c9ea2f52e978204	41dc9e05	PR#960	multilayer	5	multilayer		columnar	-C -F		10	123	none		2.01140524	0.01	0.00	2	2	0	13x5 on the PR#960 binary + core columnar arms; idle machine, interleaved min-of-3
pr960-baseline	2026-08-13T12:36:00Z	3	3	min	774b8fa1f6c11c4e8c9ea2f52e978204	41dc9e05	PR#960	netscicoauthor2010	552	base		columnar	-2 -C		10	123	none		4.28307258	0.02	0.01	59	2	0	13x5 on the PR#960 binary + core columnar arms; idle machine, interleaved min-of-3
pr960-baseline	2026-08-13T12:36:00Z	3	3	min	774b8fa1f6c11c4e8c9ea2f52e978204	41dc9e05	PR#960	netscicoauthor2010	552	base		columnar	-C		10	123	none		4.05454025	0.03	0.02	2	4	0	13x5 on the PR#960 binary + core columnar arms; idle machine, interleaved min-of-3
pr960-baseline	2026-08-13T12:36:00Z	3	3	min	774b8fa1f6c11c4e8c9ea2f52e978204	41dc9e05	PR#960	netscicoauthor2010	552	base		columnar	-C -F		10	123	none		4.06300588	0.03	0.01	4	4	0	13x5 on the PR#960 binary + core columnar arms; idle machine, interleaved min-of-3
pr960-baseline	2026-08-13T12:36:00Z	3	3	min	774b8fa1f6c11c4e8c9ea2f52e978204	41dc9e05	PR#960	ninetriangles	27	base		columnar	-2 -C		10	123	none		3.51775481	0.01	0.00	9	2	0	13x5 on the PR#960 binary + core columnar arms; idle machine, interleaved min-of-3
pr960-baseline	2026-08-13T12:36:00Z	3	3	min	774b8fa1f6c11c4e8c9ea2f52e978204	41dc9e05	PR#960	ninetriangles	27	base		columnar	-C		10	123	none		3.38583082	0.01	0.00	3	3	0	13x5 on the PR#960 binary + core columnar arms; idle machine, interleaved min-of-3
pr960-baseline	2026-08-13T12:36:00Z	3	3	min	774b8fa1f6c11c4e8c9ea2f52e978204	41dc9e05	PR#960	ninetriangles	27	base		columnar	-C -F		10	123	none		3.38583082	0.01	0.00	3	3	0	13x5 on the PR#960 binary + core columnar arms; idle machine, interleaved min-of-3
pr960-baseline	2026-08-13T12:36:00Z	3	3	min	774b8fa1f6c11c4e8c9ea2f52e978204	41dc9e05	PR#960	politicalblogs	1046	base	-d	columnar	-2 -C		10	123	none		6.73957529	0.06	0.04	81	2	0	13x5 on the PR#960 binary + core columnar arms; idle machine, interleaved min-of-3
pr960-baseline	2026-08-13T12:36:00Z	3	3	min	774b8fa1f6c11c4e8c9ea2f52e978204	41dc9e05	PR#960	politicalblogs	1046	base	-d	columnar	-C		10	123	none		6.74094314	0.07	0.06	81	2	0	13x5 on the PR#960 binary + core columnar arms; idle machine, interleaved min-of-3
pr960-baseline	2026-08-13T12:36:00Z	3	3	min	774b8fa1f6c11c4e8c9ea2f52e978204	41dc9e05	PR#960	politicalblogs	1046	base	-d	columnar	-C -F		10	123	none		6.74094314	0.07	0.06	81	2	0	13x5 on the PR#960 binary + core columnar arms; idle machine, interleaved min-of-3
pr960-baseline	2026-08-13T12:36:00Z	3	3	min	774b8fa1f6c11c4e8c9ea2f52e978204	41dc9e05	PR#960	powergrid	4941	base		columnar	-2 -C		10	123	none		5.63729688	0.11	0.09	419	2	0	13x5 on the PR#960 binary + core columnar arms; idle machine, interleaved min-of-3
pr960-baseline	2026-08-13T12:36:00Z	3	3	min	774b8fa1f6c11c4e8c9ea2f52e978204	41dc9e05	PR#960	powergrid	4941	base		columnar	-C		10	123	none		4.74107206	0.27	0.25	5	5	0	13x5 on the PR#960 binary + core columnar arms; idle machine, interleaved min-of-3
pr960-baseline	2026-08-13T12:36:00Z	3	3	min	774b8fa1f6c11c4e8c9ea2f52e978204	41dc9e05	PR#960	powergrid	4941	base		columnar	-C -F		10	123	none		4.77402224	0.17	0.15	4	5	0	13x5 on the PR#960 binary + core columnar arms; idle machine, interleaved min-of-3
pr960-baseline	2026-08-13T12:36:00Z	3	3	min	774b8fa1f6c11c4e8c9ea2f52e978204	41dc9e05	PR#960	science2001	7170	base	-d	columnar	-2 -C		10	123	none		7.94997883	2.39	2.36	506	2	0	13x5 on the PR#960 binary + core columnar arms; idle machine, interleaved min-of-3
pr960-baseline	2026-08-13T12:36:00Z	3	3	min	774b8fa1f6c11c4e8c9ea2f52e978204	41dc9e05	PR#960	science2001	7170	base	-d	columnar	-C		10	123	none		7.83343660	3.11	3.08	15	3	0	13x5 on the PR#960 binary + core columnar arms; idle machine, interleaved min-of-3
pr960-baseline	2026-08-13T12:36:00Z	3	3	min	774b8fa1f6c11c4e8c9ea2f52e978204	41dc9e05	PR#960	science2001	7170	base	-d	columnar	-C -F		10	123	none		7.83343660	3.01	2.99	15	3	0	13x5 on the PR#960 binary + core columnar arms; idle machine, interleaved min-of-3
pr960-baseline	2026-08-13T12:36:00Z	3	3	min	774b8fa1f6c11c4e8c9ea2f52e978204	41dc9e05	PR#960	science2001-pref	7170	base	-d --preferred-number-of-modules 25	columnar	-2 -C		10	123	none		8.23558553	3.06	3.04	25	2	0	13x5 on the PR#960 binary + core columnar arms; idle machine, interleaved min-of-3
pr960-baseline	2026-08-13T12:36:00Z	3	3	min	774b8fa1f6c11c4e8c9ea2f52e978204	41dc9e05	PR#960	science2001-pref	7170	base	-d --preferred-number-of-modules 25	columnar	-C		10	123	none		8.23558553	3.33	3.30	25	2	0	13x5 on the PR#960 binary + core columnar arms; idle machine, interleaved min-of-3
pr960-baseline	2026-08-13T12:36:00Z	3	3	min	774b8fa1f6c11c4e8c9ea2f52e978204	41dc9e05	PR#960	science2001-pref	7170	base	-d --preferred-number-of-modules 25	columnar	-C -F		10	123	none		8.23558553	3.26	3.23	25	2	0	13x5 on the PR#960 binary + core columnar arms; idle machine, interleaved min-of-3
pr960-baseline	2026-08-13T12:36:00Z	3	3	min	774b8fa1f6c11c4e8c9ea2f52e978204	41dc9e05	PR#960	web-NotreDame	325729	base	-d	columnar	-2 -C		10	123	none		6.75421666	17.54	17.48	11991	2	0	13x5 on the PR#960 binary + core columnar arms; idle machine, interleaved min-of-3
pr960-baseline	2026-08-13T12:36:00Z	3	3	min	774b8fa1f6c11c4e8c9ea2f52e978204	41dc9e05	PR#960	web-NotreDame	325729	base	-d	columnar	-C		10	123	none		5.56852929	20.27	20.21	5	6	0	13x5 on the PR#960 binary + core columnar arms; idle machine, interleaved min-of-3
pr960-baseline	2026-08-13T12:36:00Z	3	3	min	774b8fa1f6c11c4e8c9ea2f52e978204	41dc9e05	PR#960	web-NotreDame	325729	base	-d	columnar	-C -F		10	123	none		5.62506198	15.22	15.16	2	5	0	13x5 on the PR#960 binary + core columnar arms; idle machine, interleaved min-of-3
master-sync-991	2026-08-13T18:38:00Z	3	3	min	30828b361286700e0fea83e2d0cb007e	26432a48	PR#992	air30k	13213	state		columnar	-2 -C		10	123	none		5.39305505	3.76	3.72	334	2	0	13x5 on the master-sync binary + pre-sync columnar arms; idle machine, interleaved min-of-3
master-sync-991	2026-08-13T18:38:00Z	3	3	min	30828b361286700e0fea83e2d0cb007e	26432a48	PR#992	air30k	13213	state		columnar	-C		10	123	none		5.39242541	4.11	4.01	22	3	0	13x5 on the master-sync binary + pre-sync columnar arms; idle machine, interleaved min-of-3
master-sync-991	2026-08-13T18:38:00Z	3	3	min	30828b361286700e0fea83e2d0cb007e	26432a48	PR#992	air30k	13213	state		columnar	-C -F		10	123	none		5.39242541	3.75	3.69	22	3	0	13x5 on the master-sync binary + pre-sync columnar arms; idle machine, interleaved min-of-3
master-sync-991	2026-08-13T18:38:00Z	3	3	min	30828b361286700e0fea83e2d0cb007e	26432a48	PR#992	air30k-reg	13213	state	-d --regularized	columnar	-2 -C		10	123	none		5.57557704	3.85	3.81	304	2	0	13x5 on the master-sync binary + pre-sync columnar arms; idle machine, interleaved min-of-3
master-sync-991	2026-08-13T18:38:00Z	3	3	min	30828b361286700e0fea83e2d0cb007e	26432a48	PR#992	air30k-reg	13213	state	-d --regularized	columnar	-C		10	123	none		5.57624241	4.36	4.27	11	3	0	13x5 on the master-sync binary + pre-sync columnar arms; idle machine, interleaved min-of-3
master-sync-991	2026-08-13T18:38:00Z	3	3	min	30828b361286700e0fea83e2d0cb007e	26432a48	PR#992	air30k-reg	13213	state	-d --regularized	columnar	-C -F		10	123	none		5.57624241	3.76	3.73	11	3	0	13x5 on the master-sync binary + pre-sync columnar arms; idle machine, interleaved min-of-3
master-sync-991	2026-08-13T18:38:00Z	3	3	min	30828b361286700e0fea83e2d0cb007e	26432a48	PR#992	jazz	198	base		columnar	-2 -C		10	123	none		6.86122977	0.02	0.01	6	2	0	13x5 on the master-sync binary + pre-sync columnar arms; idle machine, interleaved min-of-3
master-sync-991	2026-08-13T18:38:00Z	3	3	min	30828b361286700e0fea83e2d0cb007e	26432a48	PR#992	jazz	198	base		columnar	-C		10	123	none		6.86275593	0.02	0.01	6	2	0	13x5 on the master-sync binary + pre-sync columnar arms; idle machine, interleaved min-of-3
master-sync-991	2026-08-13T18:38:00Z	3	3	min	30828b361286700e0fea83e2d0cb007e	26432a48	PR#992	jazz	198	base		columnar	-C -F		10	123	none		6.86275593	0.02	0.00	6	2	0	13x5 on the master-sync binary + pre-sync columnar arms; idle machine, interleaved min-of-3
master-sync-991	2026-08-13T18:38:00Z	3	3	min	30828b361286700e0fea83e2d0cb007e	26432a48	PR#992	lazega	69	meta	--meta-data	columnar	-2 -C		10	123	none		6.01786027	0.01	0.00	7	2	0	13x5 on the master-sync binary + pre-sync columnar arms; idle machine, interleaved min-of-3
master-sync-991	2026-08-13T18:38:00Z	3	3	min	30828b361286700e0fea83e2d0cb007e	26432a48	PR#992	lazega	69	meta	--meta-data	columnar	-C		10	123	none		6.01786027	0.01	0.00	7	2	0	13x5 on the master-sync binary + pre-sync columnar arms; idle machine, interleaved min-of-3
master-sync-991	2026-08-13T18:38:00Z	3	3	min	30828b361286700e0fea83e2d0cb007e	26432a48	PR#992	lazega	69	meta	--meta-data	columnar	-C -F		10	123	none		6.01786027	0.01	0.00	7	2	0	13x5 on the master-sync binary + pre-sync columnar arms; idle machine, interleaved min-of-3
master-sync-991	2026-08-13T18:38:00Z	3	3	min	30828b361286700e0fea83e2d0cb007e	26432a48	PR#992	malaria	307	multilayer		columnar	-2 -C		10	123	none		7.40044538	2.87	2.84	168	2	0	13x5 on the master-sync binary + pre-sync columnar arms; idle machine, interleaved min-of-3
master-sync-991	2026-08-13T18:38:00Z	3	3	min	30828b361286700e0fea83e2d0cb007e	26432a48	PR#992	malaria	307	multilayer		columnar	-C		10	123	none		7.39750171	3.29	3.26	2	3	0	13x5 on the master-sync binary + pre-sync columnar arms; idle machine, interleaved min-of-3
master-sync-991	2026-08-13T18:38:00Z	3	3	min	30828b361286700e0fea83e2d0cb007e	26432a48	PR#992	malaria	307	multilayer		columnar	-C -F		10	123	none		7.39750171	3.22	3.20	2	3	0	13x5 on the master-sync binary + pre-sync columnar arms; idle machine, interleaved min-of-3
master-sync-991	2026-08-13T18:38:00Z	3	3	min	30828b361286700e0fea83e2d0cb007e	26432a48	PR#992	multilayer	5	multilayer		columnar	-2 -C		10	123	none		2.01140524	0.01	0.00	2	2	0	13x5 on the master-sync binary + pre-sync columnar arms; idle machine, interleaved min-of-3
master-sync-991	2026-08-13T18:38:00Z	3	3	min	30828b361286700e0fea83e2d0cb007e	26432a48	PR#992	multilayer	5	multilayer		columnar	-C		10	123	none		2.01140524	0.01	0.00	2	2	0	13x5 on the master-sync binary + pre-sync columnar arms; idle machine, interleaved min-of-3
master-sync-991	2026-08-13T18:38:00Z	3	3	min	30828b361286700e0fea83e2d0cb007e	26432a48	PR#992	multilayer	5	multilayer		columnar	-C -F		10	123	none		2.01140524	0.01	0.00	2	2	0	13x5 on the master-sync binary + pre-sync columnar arms; idle machine, interleaved min-of-3
master-sync-991	2026-08-13T18:38:00Z	3	3	min	30828b361286700e0fea83e2d0cb007e	26432a48	PR#992	netscicoauthor2010	552	base		columnar	-2 -C		10	123	none		4.28307258	0.02	0.01	59	2	0	13x5 on the master-sync binary + pre-sync columnar arms; idle machine, interleaved min-of-3
master-sync-991	2026-08-13T18:38:00Z	3	3	min	30828b361286700e0fea83e2d0cb007e	26432a48	PR#992	netscicoauthor2010	552	base		columnar	-C		10	123	none		4.05454025	0.03	0.02	2	4	0	13x5 on the master-sync binary + pre-sync columnar arms; idle machine, interleaved min-of-3
master-sync-991	2026-08-13T18:38:00Z	3	3	min	30828b361286700e0fea83e2d0cb007e	26432a48	PR#992	netscicoauthor2010	552	base		columnar	-C -F		10	123	none		4.06300588	0.03	0.01	4	4	0	13x5 on the master-sync binary + pre-sync columnar arms; idle machine, interleaved min-of-3
master-sync-991	2026-08-13T18:38:00Z	3	3	min	30828b361286700e0fea83e2d0cb007e	26432a48	PR#992	ninetriangles	27	base		columnar	-2 -C		10	123	none		3.51775481	0.01	0.00	9	2	0	13x5 on the master-sync binary + pre-sync columnar arms; idle machine, interleaved min-of-3
master-sync-991	2026-08-13T18:38:00Z	3	3	min	30828b361286700e0fea83e2d0cb007e	26432a48	PR#992	ninetriangles	27	base		columnar	-C		10	123	none		3.38583082	0.01	0.00	3	3	0	13x5 on the master-sync binary + pre-sync columnar arms; idle machine, interleaved min-of-3
master-sync-991	2026-08-13T18:38:00Z	3	3	min	30828b361286700e0fea83e2d0cb007e	26432a48	PR#992	ninetriangles	27	base		columnar	-C -F		10	123	none		3.38583082	0.01	0.00	3	3	0	13x5 on the master-sync binary + pre-sync columnar arms; idle machine, interleaved min-of-3
master-sync-991	2026-08-13T18:38:00Z	3	3	min	30828b361286700e0fea83e2d0cb007e	26432a48	PR#992	politicalblogs	1046	base	-d	columnar	-2 -C		10	123	none		6.73957529	0.06	0.04	81	2	0	13x5 on the master-sync binary + pre-sync columnar arms; idle machine, interleaved min-of-3
master-sync-991	2026-08-13T18:38:00Z	3	3	min	30828b361286700e0fea83e2d0cb007e	26432a48	PR#992	politicalblogs	1046	base	-d	columnar	-C		10	123	none		6.74094314	0.07	0.06	81	2	0	13x5 on the master-sync binary + pre-sync columnar arms; idle machine, interleaved min-of-3
master-sync-991	2026-08-13T18:38:00Z	3	3	min	30828b361286700e0fea83e2d0cb007e	26432a48	PR#992	politicalblogs	1046	base	-d	columnar	-C -F		10	123	none		6.74094314	0.07	0.06	81	2	0	13x5 on the master-sync binary + pre-sync columnar arms; idle machine, interleaved min-of-3
master-sync-991	2026-08-13T18:38:00Z	3	3	min	30828b361286700e0fea83e2d0cb007e	26432a48	PR#992	powergrid	4941	base		columnar	-2 -C		10	123	none		5.63729688	0.11	0.09	419	2	0	13x5 on the master-sync binary + pre-sync columnar arms; idle machine, interleaved min-of-3
master-sync-991	2026-08-13T18:38:00Z	3	3	min	30828b361286700e0fea83e2d0cb007e	26432a48	PR#992	powergrid	4941	base		columnar	-C		10	123	none		4.74107206	0.26	0.24	5	5	0	13x5 on the master-sync binary + pre-sync columnar arms; idle machine, interleaved min-of-3
master-sync-991	2026-08-13T18:38:00Z	3	3	min	30828b361286700e0fea83e2d0cb007e	26432a48	PR#992	powergrid	4941	base		columnar	-C -F		10	123	none		4.77402224	0.17	0.15	4	5	0	13x5 on the master-sync binary + pre-sync columnar arms; idle machine, interleaved min-of-3
master-sync-991	2026-08-13T18:38:00Z	3	3	min	30828b361286700e0fea83e2d0cb007e	26432a48	PR#992	science2001	7170	base	-d	columnar	-2 -C		10	123	none		7.94997883	2.44	2.42	506	2	0	13x5 on the master-sync binary + pre-sync columnar arms; idle machine, interleaved min-of-3
master-sync-991	2026-08-13T18:38:00Z	3	3	min	30828b361286700e0fea83e2d0cb007e	26432a48	PR#992	science2001	7170	base	-d	columnar	-C		10	123	none		7.83343660	3.16	3.11	15	3	0	13x5 on the master-sync binary + pre-sync columnar arms; idle machine, interleaved min-of-3
master-sync-991	2026-08-13T18:38:00Z	3	3	min	30828b361286700e0fea83e2d0cb007e	26432a48	PR#992	science2001	7170	base	-d	columnar	-C -F		10	123	none		7.83343660	3.06	3.03	15	3	0	13x5 on the master-sync binary + pre-sync columnar arms; idle machine, interleaved min-of-3
master-sync-991	2026-08-13T18:38:00Z	3	3	min	30828b361286700e0fea83e2d0cb007e	26432a48	PR#992	science2001-pref	7170	base	-d --preferred-number-of-modules 25	columnar	-2 -C		10	123	none		8.23558553	3.19	3.14	25	2	0	13x5 on the master-sync binary + pre-sync columnar arms; idle machine, interleaved min-of-3
master-sync-991	2026-08-13T18:38:00Z	3	3	min	30828b361286700e0fea83e2d0cb007e	26432a48	PR#992	science2001-pref	7170	base	-d --preferred-number-of-modules 25	columnar	-C		10	123	none		8.23558553	3.41	3.37	25	2	0	13x5 on the master-sync binary + pre-sync columnar arms; idle machine, interleaved min-of-3
master-sync-991	2026-08-13T18:38:00Z	3	3	min	30828b361286700e0fea83e2d0cb007e	26432a48	PR#992	science2001-pref	7170	base	-d --preferred-number-of-modules 25	columnar	-C -F		10	123	none		8.23558553	3.33	3.30	25	2	0	13x5 on the master-sync binary + pre-sync columnar arms; idle machine, interleaved min-of-3
master-sync-991	2026-08-13T18:38:00Z	3	3	min	30828b361286700e0fea83e2d0cb007e	26432a48	PR#992	web-NotreDame	325729	base	-d	columnar	-2 -C		10	123	none		6.75421666	19.03	18.86	11991	2	0	13x5 on the master-sync binary + pre-sync columnar arms; idle machine, interleaved min-of-3
master-sync-991	2026-08-13T18:38:00Z	3	3	min	30828b361286700e0fea83e2d0cb007e	26432a48	PR#992	web-NotreDame	325729	base	-d	columnar	-C		10	123	none		5.56852929	20.99	20.70	5	6	0	13x5 on the master-sync binary + pre-sync columnar arms; idle machine, interleaved min-of-3
master-sync-991	2026-08-13T18:38:00Z	3	3	min	30828b361286700e0fea83e2d0cb007e	26432a48	PR#992	web-NotreDame	325729	base	-d	columnar	-C -F		10	123	none		5.62506198	15.86	15.67	2	5	0	13x5 on the master-sync binary + pre-sync columnar arms; idle machine, interleaved min-of-3
master-sync-991	2026-08-13T18:38:00Z	3	3	min	5930d256f76167f4cc94c0ae7acfc994	d0cfac98	PR#992	air30k	13213	state		OO	-2		10	123	none		5.39331278	4.61	4.56	332	2	0	13x5 on the master-sync binary + pre-sync columnar arms; idle machine, interleaved min-of-3
master-sync-991	2026-08-13T18:38:00Z	3	3	min	5930d256f76167f4cc94c0ae7acfc994	d0cfac98	PR#992	air30k	13213	state		OO	OO		10	123	none		5.39287115	11.87	11.74	16	4	0	13x5 on the master-sync binary + pre-sync columnar arms; idle machine, interleaved min-of-3
master-sync-991	2026-08-13T18:38:00Z	3	3	min	5930d256f76167f4cc94c0ae7acfc994	d0cfac98	PR#992	air30k	13213	state		columnar	-2 -C		10	123	none		5.39305505	3.68	3.65	334	2	0	13x5 on the master-sync binary + pre-sync columnar arms; idle machine, interleaved min-of-3
master-sync-991	2026-08-13T18:38:00Z	3	3	min	5930d256f76167f4cc94c0ae7acfc994	d0cfac98	PR#992	air30k	13213	state		columnar	-C		10	123	none		5.39242541	3.97	3.93	22	3	0	13x5 on the master-sync binary + pre-sync columnar arms; idle machine, interleaved min-of-3
master-sync-991	2026-08-13T18:38:00Z	3	3	min	5930d256f76167f4cc94c0ae7acfc994	d0cfac98	PR#992	air30k	13213	state		columnar	-C -F		10	123	none		5.39242541	3.77	3.72	22	3	0	13x5 on the master-sync binary + pre-sync columnar arms; idle machine, interleaved min-of-3
master-sync-991	2026-08-13T18:38:00Z	3	3	min	5930d256f76167f4cc94c0ae7acfc994	d0cfac98	PR#992	air30k-reg	13213	state	-d --regularized	OO	-2		10	123	none		5.57921689	5.84	5.78	301	2	0	13x5 on the master-sync binary + pre-sync columnar arms; idle machine, interleaved min-of-3
master-sync-991	2026-08-13T18:38:00Z	3	3	min	5930d256f76167f4cc94c0ae7acfc994	d0cfac98	PR#992	air30k-reg	13213	state	-d --regularized	OO	OO		10	123	none		5.57843563	7.71	7.65	301	3	0	13x5 on the master-sync binary + pre-sync columnar arms; idle machine, interleaved min-of-3
master-sync-991	2026-08-13T18:38:00Z	3	3	min	5930d256f76167f4cc94c0ae7acfc994	d0cfac98	PR#992	air30k-reg	13213	state	-d --regularized	columnar	-2 -C		10	123	none		5.57557704	3.87	3.84	304	2	0	13x5 on the master-sync binary + pre-sync columnar arms; idle machine, interleaved min-of-3
master-sync-991	2026-08-13T18:38:00Z	3	3	min	5930d256f76167f4cc94c0ae7acfc994	d0cfac98	PR#992	air30k-reg	13213	state	-d --regularized	columnar	-C		10	123	none		5.57624241	4.26	4.22	11	3	0	13x5 on the master-sync binary + pre-sync columnar arms; idle machine, interleaved min-of-3
master-sync-991	2026-08-13T18:38:00Z	3	3	min	5930d256f76167f4cc94c0ae7acfc994	d0cfac98	PR#992	air30k-reg	13213	state	-d --regularized	columnar	-C -F		10	123	none		5.57624241	3.77	3.74	11	3	0	13x5 on the master-sync binary + pre-sync columnar arms; idle machine, interleaved min-of-3
master-sync-991	2026-08-13T18:38:00Z	3	3	min	5930d256f76167f4cc94c0ae7acfc994	d0cfac98	PR#992	jazz	198	base		OO	-2		10	123	none		6.86304747	0.02	0.01	5	2	0	13x5 on the master-sync binary + pre-sync columnar arms; idle machine, interleaved min-of-3
master-sync-991	2026-08-13T18:38:00Z	3	3	min	5930d256f76167f4cc94c0ae7acfc994	d0cfac98	PR#992	jazz	198	base		OO	OO		10	123	none		6.86304747	0.04	0.02	5	2	0	13x5 on the master-sync binary + pre-sync columnar arms; idle machine, interleaved min-of-3
master-sync-991	2026-08-13T18:38:00Z	3	3	min	5930d256f76167f4cc94c0ae7acfc994	d0cfac98	PR#992	jazz	198	base		columnar	-2 -C		10	123	none		6.86122977	0.02	0.01	6	2	0	13x5 on the master-sync binary + pre-sync columnar arms; idle machine, interleaved min-of-3
master-sync-991	2026-08-13T18:38:00Z	3	3	min	5930d256f76167f4cc94c0ae7acfc994	d0cfac98	PR#992	jazz	198	base		columnar	-C		10	123	none		6.86275593	0.02	0.01	6	2	0	13x5 on the master-sync binary + pre-sync columnar arms; idle machine, interleaved min-of-3
master-sync-991	2026-08-13T18:38:00Z	3	3	min	5930d256f76167f4cc94c0ae7acfc994	d0cfac98	PR#992	jazz	198	base		columnar	-C -F		10	123	none		6.86275593	0.02	0.00	6	2	0	13x5 on the master-sync binary + pre-sync columnar arms; idle machine, interleaved min-of-3
master-sync-991	2026-08-13T18:38:00Z	3	3	min	5930d256f76167f4cc94c0ae7acfc994	d0cfac98	PR#992	lazega	69	meta	--meta-data	OO	-2		10	123	none		6.01786027	0.02	0.01	7	2	0	13x5 on the master-sync binary + pre-sync columnar arms; idle machine, interleaved min-of-3
master-sync-991	2026-08-13T18:38:00Z	3	3	min	5930d256f76167f4cc94c0ae7acfc994	d0cfac98	PR#992	lazega	69	meta	--meta-data	OO	OO		10	123	none		6.01786027	0.03	0.01	7	2	0	13x5 on the master-sync binary + pre-sync columnar arms; idle machine, interleaved min-of-3
master-sync-991	2026-08-13T18:38:00Z	3	3	min	5930d256f76167f4cc94c0ae7acfc994	d0cfac98	PR#992	lazega	69	meta	--meta-data	columnar	-2 -C		10	123	none		6.01786027	0.01	0.00	7	2	0	13x5 on the master-sync binary + pre-sync columnar arms; idle machine, interleaved min-of-3
master-sync-991	2026-08-13T18:38:00Z	3	3	min	5930d256f76167f4cc94c0ae7acfc994	d0cfac98	PR#992	lazega	69	meta	--meta-data	columnar	-C		10	123	none		6.01786027	0.01	0.00	7	2	0	13x5 on the master-sync binary + pre-sync columnar arms; idle machine, interleaved min-of-3
master-sync-991	2026-08-13T18:38:00Z	3	3	min	5930d256f76167f4cc94c0ae7acfc994	d0cfac98	PR#992	lazega	69	meta	--meta-data	columnar	-C -F		10	123	none		6.01786027	0.01	0.00	7	2	0	13x5 on the master-sync binary + pre-sync columnar arms; idle machine, interleaved min-of-3
master-sync-991	2026-08-13T18:38:00Z	3	3	min	5930d256f76167f4cc94c0ae7acfc994	d0cfac98	PR#992	malaria	307	multilayer		OO	-2		10	123	none		7.50595639	6.63	6.58	142	2	0	13x5 on the master-sync binary + pre-sync columnar arms; idle machine, interleaved min-of-3
master-sync-991	2026-08-13T18:38:00Z	3	3	min	5930d256f76167f4cc94c0ae7acfc994	d0cfac98	PR#992	malaria	307	multilayer		OO	OO		10	123	none		7.50242050	9.20	9.09	142	3	0	13x5 on the master-sync binary + pre-sync columnar arms; idle machine, interleaved min-of-3
master-sync-991	2026-08-13T18:38:00Z	3	3	min	5930d256f76167f4cc94c0ae7acfc994	d0cfac98	PR#992	malaria	307	multilayer		columnar	-2 -C		10	123	none		7.40044538	2.87	2.84	168	2	0	13x5 on the master-sync binary + pre-sync columnar arms; idle machine, interleaved min-of-3
master-sync-991	2026-08-13T18:38:00Z	3	3	min	5930d256f76167f4cc94c0ae7acfc994	d0cfac98	PR#992	malaria	307	multilayer		columnar	-C		10	123	none		7.39750171	3.34	3.28	2	3	0	13x5 on the master-sync binary + pre-sync columnar arms; idle machine, interleaved min-of-3
master-sync-991	2026-08-13T18:38:00Z	3	3	min	5930d256f76167f4cc94c0ae7acfc994	d0cfac98	PR#992	malaria	307	multilayer		columnar	-C -F		10	123	none		7.39750171	3.22	3.18	2	3	0	13x5 on the master-sync binary + pre-sync columnar arms; idle machine, interleaved min-of-3
master-sync-991	2026-08-13T18:38:00Z	3	3	min	5930d256f76167f4cc94c0ae7acfc994	d0cfac98	PR#992	multilayer	5	multilayer		OO	-2		10	123	none		2.01140524	0.01	0.00	2	2	0	13x5 on the master-sync binary + pre-sync columnar arms; idle machine, interleaved min-of-3
master-sync-991	2026-08-13T18:38:00Z	3	3	min	5930d256f76167f4cc94c0ae7acfc994	d0cfac98	PR#992	multilayer	5	multilayer		OO	OO		10	123	none		2.01140524	0.01	0.00	2	2	0	13x5 on the master-sync binary + pre-sync columnar arms; idle machine, interleaved min-of-3
master-sync-991	2026-08-13T18:38:00Z	3	3	min	5930d256f76167f4cc94c0ae7acfc994	d0cfac98	PR#992	multilayer	5	multilayer		columnar	-2 -C		10	123	none		2.01140524	0.01	0.00	2	2	0	13x5 on the master-sync binary + pre-sync columnar arms; idle machine, interleaved min-of-3
master-sync-991	2026-08-13T18:38:00Z	3	3	min	5930d256f76167f4cc94c0ae7acfc994	d0cfac98	PR#992	multilayer	5	multilayer		columnar	-C		10	123	none		2.01140524	0.01	0.00	2	2	0	13x5 on the master-sync binary + pre-sync columnar arms; idle machine, interleaved min-of-3
master-sync-991	2026-08-13T18:38:00Z	3	3	min	5930d256f76167f4cc94c0ae7acfc994	d0cfac98	PR#992	multilayer	5	multilayer		columnar	-C -F		10	123	none		2.01140524	0.01	0.00	2	2	0	13x5 on the master-sync binary + pre-sync columnar arms; idle machine, interleaved min-of-3
master-sync-991	2026-08-13T18:38:00Z	3	3	min	5930d256f76167f4cc94c0ae7acfc994	d0cfac98	PR#992	netscicoauthor2010	552	base		OO	-2		10	123	none		4.28501267	0.04	0.03	56	2	0	13x5 on the master-sync binary + pre-sync columnar arms; idle machine, interleaved min-of-3
master-sync-991	2026-08-13T18:38:00Z	3	3	min	5930d256f76167f4cc94c0ae7acfc994	d0cfac98	PR#992	netscicoauthor2010	552	base		OO	OO		10	123	none		4.04354934	0.13	0.12	2	5	0	13x5 on the master-sync binary + pre-sync columnar arms; idle machine, interleaved min-of-3
master-sync-991	2026-08-13T18:38:00Z	3	3	min	5930d256f76167f4cc94c0ae7acfc994	d0cfac98	PR#992	netscicoauthor2010	552	base		columnar	-2 -C		10	123	none		4.28307258	0.02	0.01	59	2	0	13x5 on the master-sync binary + pre-sync columnar arms; idle machine, interleaved min-of-3
master-sync-991	2026-08-13T18:38:00Z	3	3	min	5930d256f76167f4cc94c0ae7acfc994	d0cfac98	PR#992	netscicoauthor2010	552	base		columnar	-C		10	123	none		4.05454025	0.03	0.02	2	4	0	13x5 on the master-sync binary + pre-sync columnar arms; idle machine, interleaved min-of-3
master-sync-991	2026-08-13T18:38:00Z	3	3	min	5930d256f76167f4cc94c0ae7acfc994	d0cfac98	PR#992	netscicoauthor2010	552	base		columnar	-C -F		10	123	none		4.06300588	0.03	0.01	4	4	0	13x5 on the master-sync binary + pre-sync columnar arms; idle machine, interleaved min-of-3
master-sync-991	2026-08-13T18:38:00Z	3	3	min	5930d256f76167f4cc94c0ae7acfc994	d0cfac98	PR#992	ninetriangles	27	base		OO	-2		10	123	none		3.51775481	0.01	0.00	9	2	0	13x5 on the master-sync binary + pre-sync columnar arms; idle machine, interleaved min-of-3
master-sync-991	2026-08-13T18:38:00Z	3	3	min	5930d256f76167f4cc94c0ae7acfc994	d0cfac98	PR#992	ninetriangles	27	base		OO	OO		10	123	none		3.38583082	0.02	0.00	3	3	0	13x5 on the master-sync binary + pre-sync columnar arms; idle machine, interleaved min-of-3
master-sync-991	2026-08-13T18:38:00Z	3	3	min	5930d256f76167f4cc94c0ae7acfc994	d0cfac98	PR#992	ninetriangles	27	base		columnar	-2 -C		10	123	none		3.51775481	0.01	0.00	9	2	0	13x5 on the master-sync binary + pre-sync columnar arms; idle machine, interleaved min-of-3
master-sync-991	2026-08-13T18:38:00Z	3	3	min	5930d256f76167f4cc94c0ae7acfc994	d0cfac98	PR#992	ninetriangles	27	base		columnar	-C		10	123	none		3.38583082	0.01	0.00	3	3	0	13x5 on the master-sync binary + pre-sync columnar arms; idle machine, interleaved min-of-3
master-sync-991	2026-08-13T18:38:00Z	3	3	min	5930d256f76167f4cc94c0ae7acfc994	d0cfac98	PR#992	ninetriangles	27	base		columnar	-C -F		10	123	none		3.38583082	0.01	0.00	3	3	0	13x5 on the master-sync binary + pre-sync columnar arms; idle machine, interleaved min-of-3
master-sync-991	2026-08-13T18:38:00Z	3	3	min	5930d256f76167f4cc94c0ae7acfc994	d0cfac98	PR#992	politicalblogs	1046	base	-d	OO	-2		10	123	none		6.73972141	0.09	0.08	80	2	0	13x5 on the master-sync binary + pre-sync columnar arms; idle machine, interleaved min-of-3
master-sync-991	2026-08-13T18:38:00Z	3	3	min	5930d256f76167f4cc94c0ae7acfc994	d0cfac98	PR#992	politicalblogs	1046	base	-d	OO	OO		10	123	none		6.73892798	0.15	0.14	80	3	0	13x5 on the master-sync binary + pre-sync columnar arms; idle machine, interleaved min-of-3
master-sync-991	2026-08-13T18:38:00Z	3	3	min	5930d256f76167f4cc94c0ae7acfc994	d0cfac98	PR#992	politicalblogs	1046	base	-d	columnar	-2 -C		10	123	none		6.73957529	0.06	0.04	81	2	0	13x5 on the master-sync binary + pre-sync columnar arms; idle machine, interleaved min-of-3
master-sync-991	2026-08-13T18:38:00Z	3	3	min	5930d256f76167f4cc94c0ae7acfc994	d0cfac98	PR#992	politicalblogs	1046	base	-d	columnar	-C		10	123	none		6.74094314	0.07	0.06	81	2	0	13x5 on the master-sync binary + pre-sync columnar arms; idle machine, interleaved min-of-3
master-sync-991	2026-08-13T18:38:00Z	3	3	min	5930d256f76167f4cc94c0ae7acfc994	d0cfac98	PR#992	politicalblogs	1046	base	-d	columnar	-C -F		10	123	none		6.74094314	0.07	0.06	81	2	0	13x5 on the master-sync binary + pre-sync columnar arms; idle machine, interleaved min-of-3
master-sync-991	2026-08-13T18:38:00Z	3	3	min	5930d256f76167f4cc94c0ae7acfc994	d0cfac98	PR#992	powergrid	4941	base		OO	-2		10	123	none		5.60044386	0.58	0.56	419	2	0	13x5 on the master-sync binary + pre-sync columnar arms; idle machine, interleaved min-of-3
master-sync-991	2026-08-13T18:38:00Z	3	3	min	5930d256f76167f4cc94c0ae7acfc994	d0cfac98	PR#992	powergrid	4941	base		OO	OO		10	123	none		4.75872920	1.92	1.89	5	7	0	13x5 on the master-sync binary + pre-sync columnar arms; idle machine, interleaved min-of-3
master-sync-991	2026-08-13T18:38:00Z	3	3	min	5930d256f76167f4cc94c0ae7acfc994	d0cfac98	PR#992	powergrid	4941	base		columnar	-2 -C		10	123	none		5.63729688	0.11	0.09	419	2	0	13x5 on the master-sync binary + pre-sync columnar arms; idle machine, interleaved min-of-3
master-sync-991	2026-08-13T18:38:00Z	3	3	min	5930d256f76167f4cc94c0ae7acfc994	d0cfac98	PR#992	powergrid	4941	base		columnar	-C		10	123	none		4.74107206	0.25	0.23	5	5	0	13x5 on the master-sync binary + pre-sync columnar arms; idle machine, interleaved min-of-3
master-sync-991	2026-08-13T18:38:00Z	3	3	min	5930d256f76167f4cc94c0ae7acfc994	d0cfac98	PR#992	powergrid	4941	base		columnar	-C -F		10	123	none		4.77402224	0.15	0.14	4	5	0	13x5 on the master-sync binary + pre-sync columnar arms; idle machine, interleaved min-of-3
master-sync-991	2026-08-13T18:38:00Z	3	3	min	5930d256f76167f4cc94c0ae7acfc994	d0cfac98	PR#992	science2001	7170	base	-d	OO	-2		10	123	none		7.95003960	3.96	3.93	496	2	0	13x5 on the master-sync binary + pre-sync columnar arms; idle machine, interleaved min-of-3
master-sync-991	2026-08-13T18:38:00Z	3	3	min	5930d256f76167f4cc94c0ae7acfc994	d0cfac98	PR#992	science2001	7170	base	-d	OO	OO		10	123	none		7.83638921	7.89	7.83	11	4	0	13x5 on the master-sync binary + pre-sync columnar arms; idle machine, interleaved min-of-3
master-sync-991	2026-08-13T18:38:00Z	3	3	min	5930d256f76167f4cc94c0ae7acfc994	d0cfac98	PR#992	science2001	7170	base	-d	columnar	-2 -C		10	123	none		7.94997883	2.47	2.40	506	2	0	13x5 on the master-sync binary + pre-sync columnar arms; idle machine, interleaved min-of-3
master-sync-991	2026-08-13T18:38:00Z	3	3	min	5930d256f76167f4cc94c0ae7acfc994	d0cfac98	PR#992	science2001	7170	base	-d	columnar	-C		10	123	none		7.83343660	3.13	3.10	15	3	0	13x5 on the master-sync binary + pre-sync columnar arms; idle machine, interleaved min-of-3
master-sync-991	2026-08-13T18:38:00Z	3	3	min	5930d256f76167f4cc94c0ae7acfc994	d0cfac98	PR#992	science2001	7170	base	-d	columnar	-C -F		10	123	none		7.83343660	3.02	2.99	15	3	0	13x5 on the master-sync binary + pre-sync columnar arms; idle machine, interleaved min-of-3
master-sync-991	2026-08-13T18:38:00Z	3	3	min	5930d256f76167f4cc94c0ae7acfc994	d0cfac98	PR#992	science2001-pref	7170	base	-d --preferred-number-of-modules 25	OO	-2		10	123	none		8.13096953	6.12	6.02	25	2	0	13x5 on the master-sync binary + pre-sync columnar arms; idle machine, interleaved min-of-3
master-sync-991	2026-08-13T18:38:00Z	3	3	min	5930d256f76167f4cc94c0ae7acfc994	d0cfac98	PR#992	science2001-pref	7170	base	-d --preferred-number-of-modules 25	OO	OO		10	123	none		7.94035360	8.37	8.25	25	4	0	13x5 on the master-sync binary + pre-sync columnar arms; idle machine, interleaved min-of-3
master-sync-991	2026-08-13T18:38:00Z	3	3	min	5930d256f76167f4cc94c0ae7acfc994	d0cfac98	PR#992	science2001-pref	7170	base	-d --preferred-number-of-modules 25	columnar	-2 -C		10	123	none		8.23558553	3.16	3.13	25	2	0	13x5 on the master-sync binary + pre-sync columnar arms; idle machine, interleaved min-of-3
master-sync-991	2026-08-13T18:38:00Z	3	3	min	5930d256f76167f4cc94c0ae7acfc994	d0cfac98	PR#992	science2001-pref	7170	base	-d --preferred-number-of-modules 25	columnar	-C		10	123	none		8.23558553	3.42	3.38	25	2	0	13x5 on the master-sync binary + pre-sync columnar arms; idle machine, interleaved min-of-3
master-sync-991	2026-08-13T18:38:00Z	3	3	min	5930d256f76167f4cc94c0ae7acfc994	d0cfac98	PR#992	science2001-pref	7170	base	-d --preferred-number-of-modules 25	columnar	-C -F		10	123	none		8.23558553	3.34	3.31	25	2	0	13x5 on the master-sync binary + pre-sync columnar arms; idle machine, interleaved min-of-3
master-sync-991	2026-08-13T18:38:00Z	3	3	min	5930d256f76167f4cc94c0ae7acfc994	d0cfac98	PR#992	web-NotreDame	325729	base	-d	OO	-2		10	123	none		6.74298853	44.94	44.14	11809	2	0	13x5 on the master-sync binary + pre-sync columnar arms; idle machine, interleaved min-of-3
master-sync-991	2026-08-13T18:38:00Z	3	3	min	5930d256f76167f4cc94c0ae7acfc994	d0cfac98	PR#992	web-NotreDame	325729	base	-d	OO	OO		10	123	none		5.56592477	149.57	147.92	17	13	0	13x5 on the master-sync binary + pre-sync columnar arms; idle machine, interleaved min-of-3
master-sync-991	2026-08-13T18:38:00Z	3	3	min	5930d256f76167f4cc94c0ae7acfc994	d0cfac98	PR#992	web-NotreDame	325729	base	-d	columnar	-2 -C		10	123	none		6.75421666	19.02	18.84	11991	2	0	13x5 on the master-sync binary + pre-sync columnar arms; idle machine, interleaved min-of-3
master-sync-991	2026-08-13T18:38:00Z	3	3	min	5930d256f76167f4cc94c0ae7acfc994	d0cfac98	PR#992	web-NotreDame	325729	base	-d	columnar	-C		10	123	none		5.56852929	19.78	19.54	5	6	0	13x5 on the master-sync binary + pre-sync columnar arms; idle machine, interleaved min-of-3
master-sync-991	2026-08-13T18:38:00Z	3	3	min	5930d256f76167f4cc94c0ae7acfc994	d0cfac98	PR#992	web-NotreDame	325729	base	-d	columnar	-C -F		10	123	none		5.62506198	14.64	14.54	2	5	0	13x5 on the master-sync binary + pre-sync columnar arms; idle machine, interleaved min-of-3
fix-989-parallel-entropy	2026-08-13T21:55:00Z	4	3	min	f118fa124335ba367359729b19c96981	0b531183	PR#989	air30k	13213	state/memory		OO	-2		10	123	none		5.39331278	4.26		332	2	0	13x5 base-vs-fix arm-for-arm for #989; interleaved min-of-3, OPENMP=0; all 65 codelengths identical between arms
fix-989-parallel-entropy	2026-08-13T21:55:00Z	4	3	min	5930d256f76167f4cc94c0ae7acfc994	d0b9e409	PR#989	air30k	13213	state/memory		OO	-2		10	123	none		5.39331278	4.28		332	2	0	13x5 base-vs-fix arm-for-arm for #989; interleaved min-of-3, OPENMP=0; all 65 codelengths identical between arms [pre-fix arm]
fix-989-parallel-entropy	2026-08-13T21:55:00Z	4	3	min	f118fa124335ba367359729b19c96981	0b531183	PR#989	air30k	13213	state/memory		columnar	-2 -C		10	123	none		5.39305505	3.35		334	2	0	13x5 base-vs-fix arm-for-arm for #989; interleaved min-of-3, OPENMP=0; all 65 codelengths identical between arms
fix-989-parallel-entropy	2026-08-13T21:55:00Z	4	3	min	5930d256f76167f4cc94c0ae7acfc994	d0b9e409	PR#989	air30k	13213	state/memory		columnar	-2 -C		10	123	none		5.39305505	3.39		334	2	0	13x5 base-vs-fix arm-for-arm for #989; interleaved min-of-3, OPENMP=0; all 65 codelengths identical between arms [pre-fix arm]
fix-989-parallel-entropy	2026-08-13T21:55:00Z	4	3	min	f118fa124335ba367359729b19c96981	0b531183	PR#989	air30k	13213	state/memory		columnar	-C		10	123	none		5.39242541	3.65		22	3	0	13x5 base-vs-fix arm-for-arm for #989; interleaved min-of-3, OPENMP=0; all 65 codelengths identical between arms
fix-989-parallel-entropy	2026-08-13T21:55:00Z	4	3	min	5930d256f76167f4cc94c0ae7acfc994	d0b9e409	PR#989	air30k	13213	state/memory		columnar	-C		10	123	none		5.39242541	3.61		22	3	0	13x5 base-vs-fix arm-for-arm for #989; interleaved min-of-3, OPENMP=0; all 65 codelengths identical between arms [pre-fix arm]
fix-989-parallel-entropy	2026-08-13T21:55:00Z	4	3	min	f118fa124335ba367359729b19c96981	0b531183	PR#989	air30k	13213	state/memory		columnar	-C -F		10	123	none		5.39242541	3.36		22	3	0	13x5 base-vs-fix arm-for-arm for #989; interleaved min-of-3, OPENMP=0; all 65 codelengths identical between arms
fix-989-parallel-entropy	2026-08-13T21:55:00Z	4	3	min	5930d256f76167f4cc94c0ae7acfc994	d0b9e409	PR#989	air30k	13213	state/memory		columnar	-C -F		10	123	none		5.39242541	3.41		22	3	0	13x5 base-vs-fix arm-for-arm for #989; interleaved min-of-3, OPENMP=0; all 65 codelengths identical between arms [pre-fix arm]
fix-989-parallel-entropy	2026-08-13T21:55:00Z	4	3	min	f118fa124335ba367359729b19c96981	0b531183	PR#989	air30k	13213	state/memory		OO	OO		10	123	none		5.39287115	10.97		16	4	0	13x5 base-vs-fix arm-for-arm for #989; interleaved min-of-3, OPENMP=0; all 65 codelengths identical between arms
fix-989-parallel-entropy	2026-08-13T21:55:00Z	4	3	min	5930d256f76167f4cc94c0ae7acfc994	d0b9e409	PR#989	air30k	13213	state/memory		OO	OO		10	123	none		5.39287115	10.98		16	4	0	13x5 base-vs-fix arm-for-arm for #989; interleaved min-of-3, OPENMP=0; all 65 codelengths identical between arms [pre-fix arm]
fix-989-parallel-entropy	2026-08-13T21:55:00Z	4	3	min	f118fa124335ba367359729b19c96981	0b531183	PR#989	air30k-reg	13213	state/memory	-d --regularized	OO	-2		10	123	none		5.57921689	5.40		301	2	0	13x5 base-vs-fix arm-for-arm for #989; interleaved min-of-3, OPENMP=0; all 65 codelengths identical between arms
fix-989-parallel-entropy	2026-08-13T21:55:00Z	4	3	min	5930d256f76167f4cc94c0ae7acfc994	d0b9e409	PR#989	air30k-reg	13213	state/memory	-d --regularized	OO	-2		10	123	none		5.57921689	5.39		301	2	0	13x5 base-vs-fix arm-for-arm for #989; interleaved min-of-3, OPENMP=0; all 65 codelengths identical between arms [pre-fix arm]
fix-989-parallel-entropy	2026-08-13T21:55:00Z	4	3	min	f118fa124335ba367359729b19c96981	0b531183	PR#989	air30k-reg	13213	state/memory	-d --regularized	columnar	-2 -C		10	123	none		5.57557704	3.53		304	2	0	13x5 base-vs-fix arm-for-arm for #989; interleaved min-of-3, OPENMP=0; all 65 codelengths identical between arms
fix-989-parallel-entropy	2026-08-13T21:55:00Z	4	3	min	5930d256f76167f4cc94c0ae7acfc994	d0b9e409	PR#989	air30k-reg	13213	state/memory	-d --regularized	columnar	-2 -C		10	123	none		5.57557704	3.50		304	2	0	13x5 base-vs-fix arm-for-arm for #989; interleaved min-of-3, OPENMP=0; all 65 codelengths identical between arms [pre-fix arm]
fix-989-parallel-entropy	2026-08-13T21:55:00Z	4	3	min	f118fa124335ba367359729b19c96981	0b531183	PR#989	air30k-reg	13213	state/memory	-d --regularized	columnar	-C		10	123	none		5.57624241	3.95		11	3	0	13x5 base-vs-fix arm-for-arm for #989; interleaved min-of-3, OPENMP=0; all 65 codelengths identical between arms
fix-989-parallel-entropy	2026-08-13T21:55:00Z	4	3	min	5930d256f76167f4cc94c0ae7acfc994	d0b9e409	PR#989	air30k-reg	13213	state/memory	-d --regularized	columnar	-C		10	123	none		5.57624241	3.96		11	3	0	13x5 base-vs-fix arm-for-arm for #989; interleaved min-of-3, OPENMP=0; all 65 codelengths identical between arms [pre-fix arm]
fix-989-parallel-entropy	2026-08-13T21:55:00Z	4	3	min	f118fa124335ba367359729b19c96981	0b531183	PR#989	air30k-reg	13213	state/memory	-d --regularized	columnar	-C -F		10	123	none		5.57624241	3.48		11	3	0	13x5 base-vs-fix arm-for-arm for #989; interleaved min-of-3, OPENMP=0; all 65 codelengths identical between arms
fix-989-parallel-entropy	2026-08-13T21:55:00Z	4	3	min	5930d256f76167f4cc94c0ae7acfc994	d0b9e409	PR#989	air30k-reg	13213	state/memory	-d --regularized	columnar	-C -F		10	123	none		5.57624241	3.47		11	3	0	13x5 base-vs-fix arm-for-arm for #989; interleaved min-of-3, OPENMP=0; all 65 codelengths identical between arms [pre-fix arm]
fix-989-parallel-entropy	2026-08-13T21:55:00Z	4	3	min	f118fa124335ba367359729b19c96981	0b531183	PR#989	air30k-reg	13213	state/memory	-d --regularized	OO	OO		10	123	none		5.57843563	7.26		301	3	0	13x5 base-vs-fix arm-for-arm for #989; interleaved min-of-3, OPENMP=0; all 65 codelengths identical between arms
fix-989-parallel-entropy	2026-08-13T21:55:00Z	4	3	min	5930d256f76167f4cc94c0ae7acfc994	d0b9e409	PR#989	air30k-reg	13213	state/memory	-d --regularized	OO	OO		10	123	none		5.57843563	7.24		301	3	0	13x5 base-vs-fix arm-for-arm for #989; interleaved min-of-3, OPENMP=0; all 65 codelengths identical between arms [pre-fix arm]
fix-989-parallel-entropy	2026-08-13T21:55:00Z	4	3	min	f118fa124335ba367359729b19c96981	0b531183	PR#989	jazz	198	base		OO	-2		10	123	none		6.86304747	0.02		5	2	0	13x5 base-vs-fix arm-for-arm for #989; interleaved min-of-3, OPENMP=0; all 65 codelengths identical between arms
fix-989-parallel-entropy	2026-08-13T21:55:00Z	4	3	min	5930d256f76167f4cc94c0ae7acfc994	d0b9e409	PR#989	jazz	198	base		OO	-2		10	123	none		6.86304747	0.02		5	2	0	13x5 base-vs-fix arm-for-arm for #989; interleaved min-of-3, OPENMP=0; all 65 codelengths identical between arms [pre-fix arm]
fix-989-parallel-entropy	2026-08-13T21:55:00Z	4	3	min	f118fa124335ba367359729b19c96981	0b531183	PR#989	jazz	198	base		columnar	-2 -C		10	123	none		6.86122977	0.01		6	2	0	13x5 base-vs-fix arm-for-arm for #989; interleaved min-of-3, OPENMP=0; all 65 codelengths identical between arms
fix-989-parallel-entropy	2026-08-13T21:55:00Z	4	3	min	5930d256f76167f4cc94c0ae7acfc994	d0b9e409	PR#989	jazz	198	base		columnar	-2 -C		10	123	none		6.86122977	0.01		6	2	0	13x5 base-vs-fix arm-for-arm for #989; interleaved min-of-3, OPENMP=0; all 65 codelengths identical between arms [pre-fix arm]
fix-989-parallel-entropy	2026-08-13T21:55:00Z	4	3	min	f118fa124335ba367359729b19c96981	0b531183	PR#989	jazz	198	base		columnar	-C		10	123	none		6.86275593	0.01		6	2	0	13x5 base-vs-fix arm-for-arm for #989; interleaved min-of-3, OPENMP=0; all 65 codelengths identical between arms
fix-989-parallel-entropy	2026-08-13T21:55:00Z	4	3	min	5930d256f76167f4cc94c0ae7acfc994	d0b9e409	PR#989	jazz	198	base		columnar	-C		10	123	none		6.86275593	0.01		6	2	0	13x5 base-vs-fix arm-for-arm for #989; interleaved min-of-3, OPENMP=0; all 65 codelengths identical between arms [pre-fix arm]
fix-989-parallel-entropy	2026-08-13T21:55:00Z	4	3	min	f118fa124335ba367359729b19c96981	0b531183	PR#989	jazz	198	base		columnar	-C -F		10	123	none		6.86275593	0.01		6	2	0	13x5 base-vs-fix arm-for-arm for #989; interleaved min-of-3, OPENMP=0; all 65 codelengths identical between arms
fix-989-parallel-entropy	2026-08-13T21:55:00Z	4	3	min	5930d256f76167f4cc94c0ae7acfc994	d0b9e409	PR#989	jazz	198	base		columnar	-C -F		10	123	none		6.86275593	0.01		6	2	0	13x5 base-vs-fix arm-for-arm for #989; interleaved min-of-3, OPENMP=0; all 65 codelengths identical between arms [pre-fix arm]
fix-989-parallel-entropy	2026-08-13T21:55:00Z	4	3	min	f118fa124335ba367359729b19c96981	0b531183	PR#989	jazz	198	base		OO	OO		10	123	none		6.86304747	0.03		5	2	0	13x5 base-vs-fix arm-for-arm for #989; interleaved min-of-3, OPENMP=0; all 65 codelengths identical between arms
fix-989-parallel-entropy	2026-08-13T21:55:00Z	4	3	min	5930d256f76167f4cc94c0ae7acfc994	d0b9e409	PR#989	jazz	198	base		OO	OO		10	123	none		6.86304747	0.03		5	2	0	13x5 base-vs-fix arm-for-arm for #989; interleaved min-of-3, OPENMP=0; all 65 codelengths identical between arms [pre-fix arm]
fix-989-parallel-entropy	2026-08-13T21:55:00Z	4	3	min	f118fa124335ba367359729b19c96981	0b531183	PR#989	lazega	69	metadata	--meta-data	OO	-2		10	123	none		6.01786027	0.01		7	2	0	13x5 base-vs-fix arm-for-arm for #989; interleaved min-of-3, OPENMP=0; all 65 codelengths identical between arms
fix-989-parallel-entropy	2026-08-13T21:55:00Z	4	3	min	5930d256f76167f4cc94c0ae7acfc994	d0b9e409	PR#989	lazega	69	metadata	--meta-data	OO	-2		10	123	none		6.01786027	0.02		7	2	0	13x5 base-vs-fix arm-for-arm for #989; interleaved min-of-3, OPENMP=0; all 65 codelengths identical between arms [pre-fix arm]
fix-989-parallel-entropy	2026-08-13T21:55:00Z	4	3	min	f118fa124335ba367359729b19c96981	0b531183	PR#989	lazega	69	metadata	--meta-data	columnar	-2 -C		10	123	none		6.01786027	0.01		7	2	0	13x5 base-vs-fix arm-for-arm for #989; interleaved min-of-3, OPENMP=0; all 65 codelengths identical between arms
fix-989-parallel-entropy	2026-08-13T21:55:00Z	4	3	min	5930d256f76167f4cc94c0ae7acfc994	d0b9e409	PR#989	lazega	69	metadata	--meta-data	columnar	-2 -C		10	123	none		6.01786027	0.01		7	2	0	13x5 base-vs-fix arm-for-arm for #989; interleaved min-of-3, OPENMP=0; all 65 codelengths identical between arms [pre-fix arm]
fix-989-parallel-entropy	2026-08-13T21:55:00Z	4	3	min	f118fa124335ba367359729b19c96981	0b531183	PR#989	lazega	69	metadata	--meta-data	columnar	-C		10	123	none		6.01786027	0.01		7	2	0	13x5 base-vs-fix arm-for-arm for #989; interleaved min-of-3, OPENMP=0; all 65 codelengths identical between arms
fix-989-parallel-entropy	2026-08-13T21:55:00Z	4	3	min	5930d256f76167f4cc94c0ae7acfc994	d0b9e409	PR#989	lazega	69	metadata	--meta-data	columnar	-C		10	123	none		6.01786027	0.01		7	2	0	13x5 base-vs-fix arm-for-arm for #989; interleaved min-of-3, OPENMP=0; all 65 codelengths identical between arms [pre-fix arm]
fix-989-parallel-entropy	2026-08-13T21:55:00Z	4	3	min	f118fa124335ba367359729b19c96981	0b531183	PR#989	lazega	69	metadata	--meta-data	columnar	-C -F		10	123	none		6.01786027	0.01		7	2	0	13x5 base-vs-fix arm-for-arm for #989; interleaved min-of-3, OPENMP=0; all 65 codelengths identical between arms
fix-989-parallel-entropy	2026-08-13T21:55:00Z	4	3	min	5930d256f76167f4cc94c0ae7acfc994	d0b9e409	PR#989	lazega	69	metadata	--meta-data	columnar	-C -F		10	123	none		6.01786027	0.01		7	2	0	13x5 base-vs-fix arm-for-arm for #989; interleaved min-of-3, OPENMP=0; all 65 codelengths identical between arms [pre-fix arm]
fix-989-parallel-entropy	2026-08-13T21:55:00Z	4	3	min	f118fa124335ba367359729b19c96981	0b531183	PR#989	lazega	69	metadata	--meta-data	OO	OO		10	123	none		6.01786027	0.02		7	2	0	13x5 base-vs-fix arm-for-arm for #989; interleaved min-of-3, OPENMP=0; all 65 codelengths identical between arms
fix-989-parallel-entropy	2026-08-13T21:55:00Z	4	3	min	5930d256f76167f4cc94c0ae7acfc994	d0b9e409	PR#989	lazega	69	metadata	--meta-data	OO	OO		10	123	none		6.01786027	0.02		7	2	0	13x5 base-vs-fix arm-for-arm for #989; interleaved min-of-3, OPENMP=0; all 65 codelengths identical between arms [pre-fix arm]
fix-989-parallel-entropy	2026-08-13T21:55:00Z	4	3	min	f118fa124335ba367359729b19c96981	0b531183	PR#989	malaria	307x9L	multilayer		OO	-2		10	123	none		7.50595639	6.18		142	2	0	13x5 base-vs-fix arm-for-arm for #989; interleaved min-of-3, OPENMP=0; all 65 codelengths identical between arms
fix-989-parallel-entropy	2026-08-13T21:55:00Z	4	3	min	5930d256f76167f4cc94c0ae7acfc994	d0b9e409	PR#989	malaria	307x9L	multilayer		OO	-2		10	123	none		7.50595639	6.17		142	2	0	13x5 base-vs-fix arm-for-arm for #989; interleaved min-of-3, OPENMP=0; all 65 codelengths identical between arms [pre-fix arm]
fix-989-parallel-entropy	2026-08-13T21:55:00Z	4	3	min	f118fa124335ba367359729b19c96981	0b531183	PR#989	malaria	307x9L	multilayer		columnar	-2 -C		10	123	none		7.40044538	2.71		168	2	0	13x5 base-vs-fix arm-for-arm for #989; interleaved min-of-3, OPENMP=0; all 65 codelengths identical between arms
fix-989-parallel-entropy	2026-08-13T21:55:00Z	4	3	min	5930d256f76167f4cc94c0ae7acfc994	d0b9e409	PR#989	malaria	307x9L	multilayer		columnar	-2 -C		10	123	none		7.40044538	2.68		168	2	0	13x5 base-vs-fix arm-for-arm for #989; interleaved min-of-3, OPENMP=0; all 65 codelengths identical between arms [pre-fix arm]
fix-989-parallel-entropy	2026-08-13T21:55:00Z	4	3	min	f118fa124335ba367359729b19c96981	0b531183	PR#989	malaria	307x9L	multilayer		columnar	-C		10	123	none		7.39750171	3.07		2	3	0	13x5 base-vs-fix arm-for-arm for #989; interleaved min-of-3, OPENMP=0; all 65 codelengths identical between arms
fix-989-parallel-entropy	2026-08-13T21:55:00Z	4	3	min	5930d256f76167f4cc94c0ae7acfc994	d0b9e409	PR#989	malaria	307x9L	multilayer		columnar	-C		10	123	none		7.39750171	3.07		2	3	0	13x5 base-vs-fix arm-for-arm for #989; interleaved min-of-3, OPENMP=0; all 65 codelengths identical between arms [pre-fix arm]
fix-989-parallel-entropy	2026-08-13T21:55:00Z	4	3	min	f118fa124335ba367359729b19c96981	0b531183	PR#989	malaria	307x9L	multilayer		columnar	-C -F		10	123	none		7.39750171	3.02		2	3	0	13x5 base-vs-fix arm-for-arm for #989; interleaved min-of-3, OPENMP=0; all 65 codelengths identical between arms
fix-989-parallel-entropy	2026-08-13T21:55:00Z	4	3	min	5930d256f76167f4cc94c0ae7acfc994	d0b9e409	PR#989	malaria	307x9L	multilayer		columnar	-C -F		10	123	none		7.39750171	3.02		2	3	0	13x5 base-vs-fix arm-for-arm for #989; interleaved min-of-3, OPENMP=0; all 65 codelengths identical between arms [pre-fix arm]
fix-989-parallel-entropy	2026-08-13T21:55:00Z	4	3	min	f118fa124335ba367359729b19c96981	0b531183	PR#989	malaria	307x9L	multilayer		OO	OO		10	123	none		7.5024205	8.53		142	3	0	13x5 base-vs-fix arm-for-arm for #989; interleaved min-of-3, OPENMP=0; all 65 codelengths identical between arms
fix-989-parallel-entropy	2026-08-13T21:55:00Z	4	3	min	5930d256f76167f4cc94c0ae7acfc994	d0b9e409	PR#989	malaria	307x9L	multilayer		OO	OO		10	123	none		7.5024205	8.54		142	3	0	13x5 base-vs-fix arm-for-arm for #989; interleaved min-of-3, OPENMP=0; all 65 codelengths identical between arms [pre-fix arm]
fix-989-parallel-entropy	2026-08-13T21:55:00Z	4	3	min	f118fa124335ba367359729b19c96981	0b531183	PR#989	multilayer	5	multilayer		OO	-2		10	123	none		2.01140524	0.01		2	2	0	13x5 base-vs-fix arm-for-arm for #989; interleaved min-of-3, OPENMP=0; all 65 codelengths identical between arms
fix-989-parallel-entropy	2026-08-13T21:55:00Z	4	3	min	5930d256f76167f4cc94c0ae7acfc994	d0b9e409	PR#989	multilayer	5	multilayer		OO	-2		10	123	none		2.01140524	0.01		2	2	0	13x5 base-vs-fix arm-for-arm for #989; interleaved min-of-3, OPENMP=0; all 65 codelengths identical between arms [pre-fix arm]
fix-989-parallel-entropy	2026-08-13T21:55:00Z	4	3	min	f118fa124335ba367359729b19c96981	0b531183	PR#989	multilayer	5	multilayer		columnar	-2 -C		10	123	none		2.01140524	0.01		2	2	0	13x5 base-vs-fix arm-for-arm for #989; interleaved min-of-3, OPENMP=0; all 65 codelengths identical between arms
fix-989-parallel-entropy	2026-08-13T21:55:00Z	4	3	min	5930d256f76167f4cc94c0ae7acfc994	d0b9e409	PR#989	multilayer	5	multilayer		columnar	-2 -C		10	123	none		2.01140524	0.01		2	2	0	13x5 base-vs-fix arm-for-arm for #989; interleaved min-of-3, OPENMP=0; all 65 codelengths identical between arms [pre-fix arm]
fix-989-parallel-entropy	2026-08-13T21:55:00Z	4	3	min	f118fa124335ba367359729b19c96981	0b531183	PR#989	multilayer	5	multilayer		columnar	-C		10	123	none		2.01140524	0.01		2	2	0	13x5 base-vs-fix arm-for-arm for #989; interleaved min-of-3, OPENMP=0; all 65 codelengths identical between arms
fix-989-parallel-entropy	2026-08-13T21:55:00Z	4	3	min	5930d256f76167f4cc94c0ae7acfc994	d0b9e409	PR#989	multilayer	5	multilayer		columnar	-C		10	123	none		2.01140524	0.01		2	2	0	13x5 base-vs-fix arm-for-arm for #989; interleaved min-of-3, OPENMP=0; all 65 codelengths identical between arms [pre-fix arm]
fix-989-parallel-entropy	2026-08-13T21:55:00Z	4	3	min	f118fa124335ba367359729b19c96981	0b531183	PR#989	multilayer	5	multilayer		columnar	-C -F		10	123	none		2.01140524	0.01		2	2	0	13x5 base-vs-fix arm-for-arm for #989; interleaved min-of-3, OPENMP=0; all 65 codelengths identical between arms
fix-989-parallel-entropy	2026-08-13T21:55:00Z	4	3	min	5930d256f76167f4cc94c0ae7acfc994	d0b9e409	PR#989	multilayer	5	multilayer		columnar	-C -F		10	123	none		2.01140524	0.01		2	2	0	13x5 base-vs-fix arm-for-arm for #989; interleaved min-of-3, OPENMP=0; all 65 codelengths identical between arms [pre-fix arm]
fix-989-parallel-entropy	2026-08-13T21:55:00Z	4	3	min	f118fa124335ba367359729b19c96981	0b531183	PR#989	multilayer	5	multilayer		OO	OO		10	123	none		2.01140524	0.01		2	2	0	13x5 base-vs-fix arm-for-arm for #989; interleaved min-of-3, OPENMP=0; all 65 codelengths identical between arms
fix-989-parallel-entropy	2026-08-13T21:55:00Z	4	3	min	5930d256f76167f4cc94c0ae7acfc994	d0b9e409	PR#989	multilayer	5	multilayer		OO	OO		10	123	none		2.01140524	0.01		2	2	0	13x5 base-vs-fix arm-for-arm for #989; interleaved min-of-3, OPENMP=0; all 65 codelengths identical between arms [pre-fix arm]
fix-989-parallel-entropy	2026-08-13T21:55:00Z	4	3	min	f118fa124335ba367359729b19c96981	0b531183	PR#989	netscicoauthor2010	552	base		OO	-2		10	123	none		4.28501267	0.04		56	2	0	13x5 base-vs-fix arm-for-arm for #989; interleaved min-of-3, OPENMP=0; all 65 codelengths identical between arms
fix-989-parallel-entropy	2026-08-13T21:55:00Z	4	3	min	5930d256f76167f4cc94c0ae7acfc994	d0b9e409	PR#989	netscicoauthor2010	552	base		OO	-2		10	123	none		4.28501267	0.04		56	2	0	13x5 base-vs-fix arm-for-arm for #989; interleaved min-of-3, OPENMP=0; all 65 codelengths identical between arms [pre-fix arm]
fix-989-parallel-entropy	2026-08-13T21:55:00Z	4	3	min	f118fa124335ba367359729b19c96981	0b531183	PR#989	netscicoauthor2010	552	base		columnar	-2 -C		10	123	none		4.28307258	0.02		59	2	0	13x5 base-vs-fix arm-for-arm for #989; interleaved min-of-3, OPENMP=0; all 65 codelengths identical between arms
fix-989-parallel-entropy	2026-08-13T21:55:00Z	4	3	min	5930d256f76167f4cc94c0ae7acfc994	d0b9e409	PR#989	netscicoauthor2010	552	base		columnar	-2 -C		10	123	none		4.28307258	0.02		59	2	0	13x5 base-vs-fix arm-for-arm for #989; interleaved min-of-3, OPENMP=0; all 65 codelengths identical between arms [pre-fix arm]
fix-989-parallel-entropy	2026-08-13T21:55:00Z	4	3	min	f118fa124335ba367359729b19c96981	0b531183	PR#989	netscicoauthor2010	552	base		columnar	-C		10	123	none		4.05454025	0.03		2	4	0	13x5 base-vs-fix arm-for-arm for #989; interleaved min-of-3, OPENMP=0; all 65 codelengths identical between arms
fix-989-parallel-entropy	2026-08-13T21:55:00Z	4	3	min	5930d256f76167f4cc94c0ae7acfc994	d0b9e409	PR#989	netscicoauthor2010	552	base		columnar	-C		10	123	none		4.05454025	0.03		2	4	0	13x5 base-vs-fix arm-for-arm for #989; interleaved min-of-3, OPENMP=0; all 65 codelengths identical between arms [pre-fix arm]
fix-989-parallel-entropy	2026-08-13T21:55:00Z	4	3	min	f118fa124335ba367359729b19c96981	0b531183	PR#989	netscicoauthor2010	552	base		columnar	-C -F		10	123	none		4.06300588	0.02		4	4	0	13x5 base-vs-fix arm-for-arm for #989; interleaved min-of-3, OPENMP=0; all 65 codelengths identical between arms
fix-989-parallel-entropy	2026-08-13T21:55:00Z	4	3	min	5930d256f76167f4cc94c0ae7acfc994	d0b9e409	PR#989	netscicoauthor2010	552	base		columnar	-C -F		10	123	none		4.06300588	0.02		4	4	0	13x5 base-vs-fix arm-for-arm for #989; interleaved min-of-3, OPENMP=0; all 65 codelengths identical between arms [pre-fix arm]
fix-989-parallel-entropy	2026-08-13T21:55:00Z	4	3	min	f118fa124335ba367359729b19c96981	0b531183	PR#989	netscicoauthor2010	552	base		OO	OO		10	123	none		4.04354934	0.12		2	5	0	13x5 base-vs-fix arm-for-arm for #989; interleaved min-of-3, OPENMP=0; all 65 codelengths identical between arms
fix-989-parallel-entropy	2026-08-13T21:55:00Z	4	3	min	5930d256f76167f4cc94c0ae7acfc994	d0b9e409	PR#989	netscicoauthor2010	552	base		OO	OO		10	123	none		4.04354934	0.13		2	5	0	13x5 base-vs-fix arm-for-arm for #989; interleaved min-of-3, OPENMP=0; all 65 codelengths identical between arms [pre-fix arm]
fix-989-parallel-entropy	2026-08-13T21:55:00Z	4	3	min	f118fa124335ba367359729b19c96981	0b531183	PR#989	ninetriangles	27	base		OO	-2		10	123	none		3.51775481	0.01		9	2	0	13x5 base-vs-fix arm-for-arm for #989; interleaved min-of-3, OPENMP=0; all 65 codelengths identical between arms
fix-989-parallel-entropy	2026-08-13T21:55:00Z	4	3	min	5930d256f76167f4cc94c0ae7acfc994	d0b9e409	PR#989	ninetriangles	27	base		OO	-2		10	123	none		3.51775481	0.01		9	2	0	13x5 base-vs-fix arm-for-arm for #989; interleaved min-of-3, OPENMP=0; all 65 codelengths identical between arms [pre-fix arm]
fix-989-parallel-entropy	2026-08-13T21:55:00Z	4	3	min	f118fa124335ba367359729b19c96981	0b531183	PR#989	ninetriangles	27	base		columnar	-2 -C		10	123	none		3.51775481	0.01		9	2	0	13x5 base-vs-fix arm-for-arm for #989; interleaved min-of-3, OPENMP=0; all 65 codelengths identical between arms
fix-989-parallel-entropy	2026-08-13T21:55:00Z	4	3	min	5930d256f76167f4cc94c0ae7acfc994	d0b9e409	PR#989	ninetriangles	27	base		columnar	-2 -C		10	123	none		3.51775481	0.01		9	2	0	13x5 base-vs-fix arm-for-arm for #989; interleaved min-of-3, OPENMP=0; all 65 codelengths identical between arms [pre-fix arm]
fix-989-parallel-entropy	2026-08-13T21:55:00Z	4	3	min	f118fa124335ba367359729b19c96981	0b531183	PR#989	ninetriangles	27	base		columnar	-C		10	123	none		3.38583082	0.01		3	3	0	13x5 base-vs-fix arm-for-arm for #989; interleaved min-of-3, OPENMP=0; all 65 codelengths identical between arms
fix-989-parallel-entropy	2026-08-13T21:55:00Z	4	3	min	5930d256f76167f4cc94c0ae7acfc994	d0b9e409	PR#989	ninetriangles	27	base		columnar	-C		10	123	none		3.38583082	0.01		3	3	0	13x5 base-vs-fix arm-for-arm for #989; interleaved min-of-3, OPENMP=0; all 65 codelengths identical between arms [pre-fix arm]
fix-989-parallel-entropy	2026-08-13T21:55:00Z	4	3	min	f118fa124335ba367359729b19c96981	0b531183	PR#989	ninetriangles	27	base		columnar	-C -F		10	123	none		3.38583082	0.01		3	3	0	13x5 base-vs-fix arm-for-arm for #989; interleaved min-of-3, OPENMP=0; all 65 codelengths identical between arms
fix-989-parallel-entropy	2026-08-13T21:55:00Z	4	3	min	5930d256f76167f4cc94c0ae7acfc994	d0b9e409	PR#989	ninetriangles	27	base		columnar	-C -F		10	123	none		3.38583082	0.01		3	3	0	13x5 base-vs-fix arm-for-arm for #989; interleaved min-of-3, OPENMP=0; all 65 codelengths identical between arms [pre-fix arm]
fix-989-parallel-entropy	2026-08-13T21:55:00Z	4	3	min	f118fa124335ba367359729b19c96981	0b531183	PR#989	ninetriangles	27	base		OO	OO		10	123	none		3.38583082	0.01		3	3	0	13x5 base-vs-fix arm-for-arm for #989; interleaved min-of-3, OPENMP=0; all 65 codelengths identical between arms
fix-989-parallel-entropy	2026-08-13T21:55:00Z	4	3	min	5930d256f76167f4cc94c0ae7acfc994	d0b9e409	PR#989	ninetriangles	27	base		OO	OO		10	123	none		3.38583082	0.01		3	3	0	13x5 base-vs-fix arm-for-arm for #989; interleaved min-of-3, OPENMP=0; all 65 codelengths identical between arms [pre-fix arm]
fix-989-parallel-entropy	2026-08-13T21:55:00Z	4	3	min	f118fa124335ba367359729b19c96981	0b531183	PR#989	politicalblogs	1046	base	-d	OO	-2		10	123	none		6.73972141	0.09		80	2	0	13x5 base-vs-fix arm-for-arm for #989; interleaved min-of-3, OPENMP=0; all 65 codelengths identical between arms
fix-989-parallel-entropy	2026-08-13T21:55:00Z	4	3	min	5930d256f76167f4cc94c0ae7acfc994	d0b9e409	PR#989	politicalblogs	1046	base	-d	OO	-2		10	123	none		6.73972141	0.08		80	2	0	13x5 base-vs-fix arm-for-arm for #989; interleaved min-of-3, OPENMP=0; all 65 codelengths identical between arms [pre-fix arm]
fix-989-parallel-entropy	2026-08-13T21:55:00Z	4	3	min	f118fa124335ba367359729b19c96981	0b531183	PR#989	politicalblogs	1046	base	-d	columnar	-2 -C		10	123	none		6.73957529	0.05		81	2	0	13x5 base-vs-fix arm-for-arm for #989; interleaved min-of-3, OPENMP=0; all 65 codelengths identical between arms
fix-989-parallel-entropy	2026-08-13T21:55:00Z	4	3	min	5930d256f76167f4cc94c0ae7acfc994	d0b9e409	PR#989	politicalblogs	1046	base	-d	columnar	-2 -C		10	123	none		6.73957529	0.05		81	2	0	13x5 base-vs-fix arm-for-arm for #989; interleaved min-of-3, OPENMP=0; all 65 codelengths identical between arms [pre-fix arm]
fix-989-parallel-entropy	2026-08-13T21:55:00Z	4	3	min	f118fa124335ba367359729b19c96981	0b531183	PR#989	politicalblogs	1046	base	-d	columnar	-C		10	123	none		6.74094314	0.07		81	2	0	13x5 base-vs-fix arm-for-arm for #989; interleaved min-of-3, OPENMP=0; all 65 codelengths identical between arms
fix-989-parallel-entropy	2026-08-13T21:55:00Z	4	3	min	5930d256f76167f4cc94c0ae7acfc994	d0b9e409	PR#989	politicalblogs	1046	base	-d	columnar	-C		10	123	none		6.74094314	0.07		81	2	0	13x5 base-vs-fix arm-for-arm for #989; interleaved min-of-3, OPENMP=0; all 65 codelengths identical between arms [pre-fix arm]
fix-989-parallel-entropy	2026-08-13T21:55:00Z	4	3	min	f118fa124335ba367359729b19c96981	0b531183	PR#989	politicalblogs	1046	base	-d	columnar	-C -F		10	123	none		6.74094314	0.06		81	2	0	13x5 base-vs-fix arm-for-arm for #989; interleaved min-of-3, OPENMP=0; all 65 codelengths identical between arms
fix-989-parallel-entropy	2026-08-13T21:55:00Z	4	3	min	5930d256f76167f4cc94c0ae7acfc994	d0b9e409	PR#989	politicalblogs	1046	base	-d	columnar	-C -F		10	123	none		6.74094314	0.07		81	2	0	13x5 base-vs-fix arm-for-arm for #989; interleaved min-of-3, OPENMP=0; all 65 codelengths identical between arms [pre-fix arm]
fix-989-parallel-entropy	2026-08-13T21:55:00Z	4	3	min	f118fa124335ba367359729b19c96981	0b531183	PR#989	politicalblogs	1046	base	-d	OO	OO		10	123	none		6.73892798	0.14		80	3	0	13x5 base-vs-fix arm-for-arm for #989; interleaved min-of-3, OPENMP=0; all 65 codelengths identical between arms
fix-989-parallel-entropy	2026-08-13T21:55:00Z	4	3	min	5930d256f76167f4cc94c0ae7acfc994	d0b9e409	PR#989	politicalblogs	1046	base	-d	OO	OO		10	123	none		6.73892798	0.15		80	3	0	13x5 base-vs-fix arm-for-arm for #989; interleaved min-of-3, OPENMP=0; all 65 codelengths identical between arms [pre-fix arm]
fix-989-parallel-entropy	2026-08-13T21:55:00Z	4	3	min	f118fa124335ba367359729b19c96981	0b531183	PR#989	powergrid	4941	base		OO	-2		10	123	none		5.60044386	0.55		419	2	0	13x5 base-vs-fix arm-for-arm for #989; interleaved min-of-3, OPENMP=0; all 65 codelengths identical between arms
fix-989-parallel-entropy	2026-08-13T21:55:00Z	4	3	min	5930d256f76167f4cc94c0ae7acfc994	d0b9e409	PR#989	powergrid	4941	base		OO	-2		10	123	none		5.60044386	0.55		419	2	0	13x5 base-vs-fix arm-for-arm for #989; interleaved min-of-3, OPENMP=0; all 65 codelengths identical between arms [pre-fix arm]
fix-989-parallel-entropy	2026-08-13T21:55:00Z	4	3	min	f118fa124335ba367359729b19c96981	0b531183	PR#989	powergrid	4941	base		columnar	-2 -C		10	123	none		5.63729688	0.10		419	2	0	13x5 base-vs-fix arm-for-arm for #989; interleaved min-of-3, OPENMP=0; all 65 codelengths identical between arms
fix-989-parallel-entropy	2026-08-13T21:55:00Z	4	3	min	5930d256f76167f4cc94c0ae7acfc994	d0b9e409	PR#989	powergrid	4941	base		columnar	-2 -C		10	123	none		5.63729688	0.10		419	2	0	13x5 base-vs-fix arm-for-arm for #989; interleaved min-of-3, OPENMP=0; all 65 codelengths identical between arms [pre-fix arm]
fix-989-parallel-entropy	2026-08-13T21:55:00Z	4	3	min	f118fa124335ba367359729b19c96981	0b531183	PR#989	powergrid	4941	base		columnar	-C		10	123	none		4.74107206	0.24		5	5	0	13x5 base-vs-fix arm-for-arm for #989; interleaved min-of-3, OPENMP=0; all 65 codelengths identical between arms
fix-989-parallel-entropy	2026-08-13T21:55:00Z	4	3	min	5930d256f76167f4cc94c0ae7acfc994	d0b9e409	PR#989	powergrid	4941	base		columnar	-C		10	123	none		4.74107206	0.24		5	5	0	13x5 base-vs-fix arm-for-arm for #989; interleaved min-of-3, OPENMP=0; all 65 codelengths identical between arms [pre-fix arm]
fix-989-parallel-entropy	2026-08-13T21:55:00Z	4	3	min	f118fa124335ba367359729b19c96981	0b531183	PR#989	powergrid	4941	base		columnar	-C -F		10	123	none		4.77402224	0.15		4	5	0	13x5 base-vs-fix arm-for-arm for #989; interleaved min-of-3, OPENMP=0; all 65 codelengths identical between arms
fix-989-parallel-entropy	2026-08-13T21:55:00Z	4	3	min	5930d256f76167f4cc94c0ae7acfc994	d0b9e409	PR#989	powergrid	4941	base		columnar	-C -F		10	123	none		4.77402224	0.14		4	5	0	13x5 base-vs-fix arm-for-arm for #989; interleaved min-of-3, OPENMP=0; all 65 codelengths identical between arms [pre-fix arm]
fix-989-parallel-entropy	2026-08-13T21:55:00Z	4	3	min	f118fa124335ba367359729b19c96981	0b531183	PR#989	powergrid	4941	base		OO	OO		10	123	none		4.7587292	1.83		5	7	0	13x5 base-vs-fix arm-for-arm for #989; interleaved min-of-3, OPENMP=0; all 65 codelengths identical between arms
fix-989-parallel-entropy	2026-08-13T21:55:00Z	4	3	min	5930d256f76167f4cc94c0ae7acfc994	d0b9e409	PR#989	powergrid	4941	base		OO	OO		10	123	none		4.7587292	1.84		5	7	0	13x5 base-vs-fix arm-for-arm for #989; interleaved min-of-3, OPENMP=0; all 65 codelengths identical between arms [pre-fix arm]
fix-989-parallel-entropy	2026-08-13T21:55:00Z	4	3	min	f118fa124335ba367359729b19c96981	0b531183	PR#989	science2001	7170	base	-d	OO	-2		10	123	none		7.9500396	3.69		496	2	0	13x5 base-vs-fix arm-for-arm for #989; interleaved min-of-3, OPENMP=0; all 65 codelengths identical between arms
fix-989-parallel-entropy	2026-08-13T21:55:00Z	4	3	min	5930d256f76167f4cc94c0ae7acfc994	d0b9e409	PR#989	science2001	7170	base	-d	OO	-2		10	123	none		7.9500396	3.71		496	2	0	13x5 base-vs-fix arm-for-arm for #989; interleaved min-of-3, OPENMP=0; all 65 codelengths identical between arms [pre-fix arm]
fix-989-parallel-entropy	2026-08-13T21:55:00Z	4	3	min	f118fa124335ba367359729b19c96981	0b531183	PR#989	science2001	7170	base	-d	columnar	-2 -C		10	123	none		7.94997883	2.31		506	2	0	13x5 base-vs-fix arm-for-arm for #989; interleaved min-of-3, OPENMP=0; all 65 codelengths identical between arms
fix-989-parallel-entropy	2026-08-13T21:55:00Z	4	3	min	5930d256f76167f4cc94c0ae7acfc994	d0b9e409	PR#989	science2001	7170	base	-d	columnar	-2 -C		10	123	none		7.94997883	2.31		506	2	0	13x5 base-vs-fix arm-for-arm for #989; interleaved min-of-3, OPENMP=0; all 65 codelengths identical between arms [pre-fix arm]
fix-989-parallel-entropy	2026-08-13T21:55:00Z	4	3	min	f118fa124335ba367359729b19c96981	0b531183	PR#989	science2001	7170	base	-d	columnar	-C		10	123	none		7.8334366	3.00		15	3	0	13x5 base-vs-fix arm-for-arm for #989; interleaved min-of-3, OPENMP=0; all 65 codelengths identical between arms
fix-989-parallel-entropy	2026-08-13T21:55:00Z	4	3	min	5930d256f76167f4cc94c0ae7acfc994	d0b9e409	PR#989	science2001	7170	base	-d	columnar	-C		10	123	none		7.8334366	2.98		15	3	0	13x5 base-vs-fix arm-for-arm for #989; interleaved min-of-3, OPENMP=0; all 65 codelengths identical between arms [pre-fix arm]
fix-989-parallel-entropy	2026-08-13T21:55:00Z	4	3	min	f118fa124335ba367359729b19c96981	0b531183	PR#989	science2001	7170	base	-d	columnar	-C -F		10	123	none		7.8334366	2.92		15	3	0	13x5 base-vs-fix arm-for-arm for #989; interleaved min-of-3, OPENMP=0; all 65 codelengths identical between arms
fix-989-parallel-entropy	2026-08-13T21:55:00Z	4	3	min	5930d256f76167f4cc94c0ae7acfc994	d0b9e409	PR#989	science2001	7170	base	-d	columnar	-C -F		10	123	none		7.8334366	2.91		15	3	0	13x5 base-vs-fix arm-for-arm for #989; interleaved min-of-3, OPENMP=0; all 65 codelengths identical between arms [pre-fix arm]
fix-989-parallel-entropy	2026-08-13T21:55:00Z	4	3	min	f118fa124335ba367359729b19c96981	0b531183	PR#989	science2001	7170	base	-d	OO	OO		10	123	none		7.83638921	7.40		11	4	0	13x5 base-vs-fix arm-for-arm for #989; interleaved min-of-3, OPENMP=0; all 65 codelengths identical between arms
fix-989-parallel-entropy	2026-08-13T21:55:00Z	4	3	min	5930d256f76167f4cc94c0ae7acfc994	d0b9e409	PR#989	science2001	7170	base	-d	OO	OO		10	123	none		7.83638921	7.40		11	4	0	13x5 base-vs-fix arm-for-arm for #989; interleaved min-of-3, OPENMP=0; all 65 codelengths identical between arms [pre-fix arm]
fix-989-parallel-entropy	2026-08-13T21:55:00Z	4	3	min	f118fa124335ba367359729b19c96981	0b531183	PR#989	science2001-pref	7170	base	-d --preferred-number-of-modules 25	OO	-2		10	123	none		8.13096953	5.65		25	2	0	13x5 base-vs-fix arm-for-arm for #989; interleaved min-of-3, OPENMP=0; all 65 codelengths identical between arms
fix-989-parallel-entropy	2026-08-13T21:55:00Z	4	3	min	5930d256f76167f4cc94c0ae7acfc994	d0b9e409	PR#989	science2001-pref	7170	base	-d --preferred-number-of-modules 25	OO	-2		10	123	none		8.13096953	5.65		25	2	0	13x5 base-vs-fix arm-for-arm for #989; interleaved min-of-3, OPENMP=0; all 65 codelengths identical between arms [pre-fix arm]
fix-989-parallel-entropy	2026-08-13T21:55:00Z	4	3	min	f118fa124335ba367359729b19c96981	0b531183	PR#989	science2001-pref	7170	base	-d --preferred-number-of-modules 25	columnar	-2 -C		10	123	none		8.23558553	2.98		25	2	0	13x5 base-vs-fix arm-for-arm for #989; interleaved min-of-3, OPENMP=0; all 65 codelengths identical between arms
fix-989-parallel-entropy	2026-08-13T21:55:00Z	4	3	min	5930d256f76167f4cc94c0ae7acfc994	d0b9e409	PR#989	science2001-pref	7170	base	-d --preferred-number-of-modules 25	columnar	-2 -C		10	123	none		8.23558553	2.99		25	2	0	13x5 base-vs-fix arm-for-arm for #989; interleaved min-of-3, OPENMP=0; all 65 codelengths identical between arms [pre-fix arm]
fix-989-parallel-entropy	2026-08-13T21:55:00Z	4	3	min	f118fa124335ba367359729b19c96981	0b531183	PR#989	science2001-pref	7170	base	-d --preferred-number-of-modules 25	columnar	-C		10	123	none		8.23558553	3.24		25	2	0	13x5 base-vs-fix arm-for-arm for #989; interleaved min-of-3, OPENMP=0; all 65 codelengths identical between arms
fix-989-parallel-entropy	2026-08-13T21:55:00Z	4	3	min	5930d256f76167f4cc94c0ae7acfc994	d0b9e409	PR#989	science2001-pref	7170	base	-d --preferred-number-of-modules 25	columnar	-C		10	123	none		8.23558553	3.24		25	2	0	13x5 base-vs-fix arm-for-arm for #989; interleaved min-of-3, OPENMP=0; all 65 codelengths identical between arms [pre-fix arm]
fix-989-parallel-entropy	2026-08-13T21:55:00Z	4	3	min	f118fa124335ba367359729b19c96981	0b531183	PR#989	science2001-pref	7170	base	-d --preferred-number-of-modules 25	columnar	-C -F		10	123	none		8.23558553	3.18		25	2	0	13x5 base-vs-fix arm-for-arm for #989; interleaved min-of-3, OPENMP=0; all 65 codelengths identical between arms
fix-989-parallel-entropy	2026-08-13T21:55:00Z	4	3	min	5930d256f76167f4cc94c0ae7acfc994	d0b9e409	PR#989	science2001-pref	7170	base	-d --preferred-number-of-modules 25	columnar	-C -F		10	123	none		8.23558553	3.18		25	2	0	13x5 base-vs-fix arm-for-arm for #989; interleaved min-of-3, OPENMP=0; all 65 codelengths identical between arms [pre-fix arm]
fix-989-parallel-entropy	2026-08-13T21:55:00Z	4	3	min	f118fa124335ba367359729b19c96981	0b531183	PR#989	science2001-pref	7170	base	-d --preferred-number-of-modules 25	OO	OO		10	123	none		7.9403536	7.69		25	4	0	13x5 base-vs-fix arm-for-arm for #989; interleaved min-of-3, OPENMP=0; all 65 codelengths identical between arms
fix-989-parallel-entropy	2026-08-13T21:55:00Z	4	3	min	5930d256f76167f4cc94c0ae7acfc994	d0b9e409	PR#989	science2001-pref	7170	base	-d --preferred-number-of-modules 25	OO	OO		10	123	none		7.9403536	7.73		25	4	0	13x5 base-vs-fix arm-for-arm for #989; interleaved min-of-3, OPENMP=0; all 65 codelengths identical between arms [pre-fix arm]
fix-989-parallel-entropy	2026-08-13T21:55:00Z	4	3	min	f118fa124335ba367359729b19c96981	0b531183	PR#989	web-NotreDame	325729	base	-d	OO	-2		10	123	none		6.74298853	41.16		11809	2	0	13x5 base-vs-fix arm-for-arm for #989; interleaved min-of-3, OPENMP=0; all 65 codelengths identical between arms
fix-989-parallel-entropy	2026-08-13T21:55:00Z	4	3	min	5930d256f76167f4cc94c0ae7acfc994	d0b9e409	PR#989	web-NotreDame	325729	base	-d	OO	-2		10	123	none		6.74298853	41.36		11809	2	0	13x5 base-vs-fix arm-for-arm for #989; interleaved min-of-3, OPENMP=0; all 65 codelengths identical between arms [pre-fix arm]
fix-989-parallel-entropy	2026-08-13T21:55:00Z	4	3	min	f118fa124335ba367359729b19c96981	0b531183	PR#989	web-NotreDame	325729	base	-d	columnar	-2 -C		10	123	none		6.75421666	17.19		11991	2	0	13x5 base-vs-fix arm-for-arm for #989; interleaved min-of-3, OPENMP=0; all 65 codelengths identical between arms
fix-989-parallel-entropy	2026-08-13T21:55:00Z	4	3	min	5930d256f76167f4cc94c0ae7acfc994	d0b9e409	PR#989	web-NotreDame	325729	base	-d	columnar	-2 -C		10	123	none		6.75421666	17.07		11991	2	0	13x5 base-vs-fix arm-for-arm for #989; interleaved min-of-3, OPENMP=0; all 65 codelengths identical between arms [pre-fix arm]
fix-989-parallel-entropy	2026-08-13T21:55:00Z	4	3	min	f118fa124335ba367359729b19c96981	0b531183	PR#989	web-NotreDame	325729	base	-d	columnar	-C		10	123	none		5.56852929	18.34		5	6	0	13x5 base-vs-fix arm-for-arm for #989; interleaved min-of-3, OPENMP=0; all 65 codelengths identical between arms
fix-989-parallel-entropy	2026-08-13T21:55:00Z	4	3	min	5930d256f76167f4cc94c0ae7acfc994	d0b9e409	PR#989	web-NotreDame	325729	base	-d	columnar	-C		10	123	none		5.56852929	18.37		5	6	0	13x5 base-vs-fix arm-for-arm for #989; interleaved min-of-3, OPENMP=0; all 65 codelengths identical between arms [pre-fix arm]
fix-989-parallel-entropy	2026-08-13T21:55:00Z	4	3	min	f118fa124335ba367359729b19c96981	0b531183	PR#989	web-NotreDame	325729	base	-d	columnar	-C -F		10	123	none		5.62506198	13.72		2	5	0	13x5 base-vs-fix arm-for-arm for #989; interleaved min-of-3, OPENMP=0; all 65 codelengths identical between arms
fix-989-parallel-entropy	2026-08-13T21:55:00Z	4	3	min	5930d256f76167f4cc94c0ae7acfc994	d0b9e409	PR#989	web-NotreDame	325729	base	-d	columnar	-C -F		10	123	none		5.62506198	13.77		2	5	0	13x5 base-vs-fix arm-for-arm for #989; interleaved min-of-3, OPENMP=0; all 65 codelengths identical between arms [pre-fix arm]
fix-989-parallel-entropy	2026-08-13T21:55:00Z	4	3	min	f118fa124335ba367359729b19c96981	0b531183	PR#989	web-NotreDame	325729	base	-d	OO	OO		10	123	none		5.56592477	138.69		17	13	0	13x5 base-vs-fix arm-for-arm for #989; interleaved min-of-3, OPENMP=0; all 65 codelengths identical between arms
fix-989-parallel-entropy	2026-08-13T21:55:00Z	4	3	min	5930d256f76167f4cc94c0ae7acfc994	d0b9e409	PR#989	web-NotreDame	325729	base	-d	OO	OO		10	123	none		5.56592477	138.80		17	13	0	13x5 base-vs-fix arm-for-arm for #989; interleaved min-of-3, OPENMP=0; all 65 codelengths identical between arms [pre-fix arm]
fix-994-worker-leaf-input	2026-08-14T00:45:00Z	8	3	min	f118fa124335ba367359729b19c96981	b8b95e31	PR#994	air30k	13213	state/memory		OO	-2		10	123	none		5.39331278	4.66		332	2	0	13x5 base-vs-fix arm-for-arm for #994; interleaved min-of-3, OPENMP=0, load~8-9; all 65 codelengths identical; OO arms (untouched) spread -8.9%..+9.8% = this session noise floor [pre-fix arm]
fix-994-worker-leaf-input	2026-08-14T00:45:00Z	8	3	min	fbc4cc15d16d8f96c3662f0c2cc34e5e	pending	PR#994	air30k	13213	state/memory		OO	-2		10	123	none		5.39331278	4.42		332	2	0	13x5 base-vs-fix arm-for-arm for #994; interleaved min-of-3, OPENMP=0, load~8-9; all 65 codelengths identical; OO arms (untouched) spread -8.9%..+9.8% = this session noise floor
fix-994-worker-leaf-input	2026-08-14T00:45:00Z	8	3	min	f118fa124335ba367359729b19c96981	b8b95e31	PR#994	air30k	13213	state/memory		columnar	-2 -C		10	123	none		5.39305505	3.49		334	2	0	13x5 base-vs-fix arm-for-arm for #994; interleaved min-of-3, OPENMP=0, load~8-9; all 65 codelengths identical; OO arms (untouched) spread -8.9%..+9.8% = this session noise floor [pre-fix arm]
fix-994-worker-leaf-input	2026-08-14T00:45:00Z	8	3	min	fbc4cc15d16d8f96c3662f0c2cc34e5e	pending	PR#994	air30k	13213	state/memory		columnar	-2 -C		10	123	none		5.39305505	3.49		334	2	0	13x5 base-vs-fix arm-for-arm for #994; interleaved min-of-3, OPENMP=0, load~8-9; all 65 codelengths identical; OO arms (untouched) spread -8.9%..+9.8% = this session noise floor
fix-994-worker-leaf-input	2026-08-14T00:45:00Z	8	3	min	f118fa124335ba367359729b19c96981	b8b95e31	PR#994	air30k	13213	state/memory		columnar	-C		10	123	none		5.39242541	3.79		22	3	0	13x5 base-vs-fix arm-for-arm for #994; interleaved min-of-3, OPENMP=0, load~8-9; all 65 codelengths identical; OO arms (untouched) spread -8.9%..+9.8% = this session noise floor [pre-fix arm]
fix-994-worker-leaf-input	2026-08-14T00:45:00Z	8	3	min	fbc4cc15d16d8f96c3662f0c2cc34e5e	pending	PR#994	air30k	13213	state/memory		columnar	-C		10	123	none		5.39242541	3.74		22	3	0	13x5 base-vs-fix arm-for-arm for #994; interleaved min-of-3, OPENMP=0, load~8-9; all 65 codelengths identical; OO arms (untouched) spread -8.9%..+9.8% = this session noise floor
fix-994-worker-leaf-input	2026-08-14T00:45:00Z	8	3	min	f118fa124335ba367359729b19c96981	b8b95e31	PR#994	air30k	13213	state/memory		columnar	-C -F		10	123	none		5.39242541	3.50		22	3	0	13x5 base-vs-fix arm-for-arm for #994; interleaved min-of-3, OPENMP=0, load~8-9; all 65 codelengths identical; OO arms (untouched) spread -8.9%..+9.8% = this session noise floor [pre-fix arm]
fix-994-worker-leaf-input	2026-08-14T00:45:00Z	8	3	min	fbc4cc15d16d8f96c3662f0c2cc34e5e	pending	PR#994	air30k	13213	state/memory		columnar	-C -F		10	123	none		5.39242541	3.54		22	3	0	13x5 base-vs-fix arm-for-arm for #994; interleaved min-of-3, OPENMP=0, load~8-9; all 65 codelengths identical; OO arms (untouched) spread -8.9%..+9.8% = this session noise floor
fix-994-worker-leaf-input	2026-08-14T00:45:00Z	8	3	min	f118fa124335ba367359729b19c96981	b8b95e31	PR#994	air30k	13213	state/memory		OO	OO		10	123	none		5.39287115	11.72		16	4	0	13x5 base-vs-fix arm-for-arm for #994; interleaved min-of-3, OPENMP=0, load~8-9; all 65 codelengths identical; OO arms (untouched) spread -8.9%..+9.8% = this session noise floor [pre-fix arm]
fix-994-worker-leaf-input	2026-08-14T00:45:00Z	8	3	min	fbc4cc15d16d8f96c3662f0c2cc34e5e	pending	PR#994	air30k	13213	state/memory		OO	OO		10	123	none		5.39287115	11.73		16	4	0	13x5 base-vs-fix arm-for-arm for #994; interleaved min-of-3, OPENMP=0, load~8-9; all 65 codelengths identical; OO arms (untouched) spread -8.9%..+9.8% = this session noise floor
fix-994-worker-leaf-input	2026-08-14T00:45:00Z	8	3	min	f118fa124335ba367359729b19c96981	b8b95e31	PR#994	air30k-reg	13213	state/memory	-d --regularized	OO	-2		10	123	none		5.57921689	5.54		301	2	0	13x5 base-vs-fix arm-for-arm for #994; interleaved min-of-3, OPENMP=0, load~8-9; all 65 codelengths identical; OO arms (untouched) spread -8.9%..+9.8% = this session noise floor [pre-fix arm]
fix-994-worker-leaf-input	2026-08-14T00:45:00Z	8	3	min	fbc4cc15d16d8f96c3662f0c2cc34e5e	pending	PR#994	air30k-reg	13213	state/memory	-d --regularized	OO	-2		10	123	none		5.57921689	5.53		301	2	0	13x5 base-vs-fix arm-for-arm for #994; interleaved min-of-3, OPENMP=0, load~8-9; all 65 codelengths identical; OO arms (untouched) spread -8.9%..+9.8% = this session noise floor
fix-994-worker-leaf-input	2026-08-14T00:45:00Z	8	3	min	f118fa124335ba367359729b19c96981	b8b95e31	PR#994	air30k-reg	13213	state/memory	-d --regularized	columnar	-2 -C		10	123	none		5.57557704	3.68		304	2	0	13x5 base-vs-fix arm-for-arm for #994; interleaved min-of-3, OPENMP=0, load~8-9; all 65 codelengths identical; OO arms (untouched) spread -8.9%..+9.8% = this session noise floor [pre-fix arm]
fix-994-worker-leaf-input	2026-08-14T00:45:00Z	8	3	min	fbc4cc15d16d8f96c3662f0c2cc34e5e	pending	PR#994	air30k-reg	13213	state/memory	-d --regularized	columnar	-2 -C		10	123	none		5.57557704	3.66		304	2	0	13x5 base-vs-fix arm-for-arm for #994; interleaved min-of-3, OPENMP=0, load~8-9; all 65 codelengths identical; OO arms (untouched) spread -8.9%..+9.8% = this session noise floor
fix-994-worker-leaf-input	2026-08-14T00:45:00Z	8	3	min	f118fa124335ba367359729b19c96981	b8b95e31	PR#994	air30k-reg	13213	state/memory	-d --regularized	columnar	-C		10	123	none		5.57624241	4.02		11	3	0	13x5 base-vs-fix arm-for-arm for #994; interleaved min-of-3, OPENMP=0, load~8-9; all 65 codelengths identical; OO arms (untouched) spread -8.9%..+9.8% = this session noise floor [pre-fix arm]
fix-994-worker-leaf-input	2026-08-14T00:45:00Z	8	3	min	fbc4cc15d16d8f96c3662f0c2cc34e5e	pending	PR#994	air30k-reg	13213	state/memory	-d --regularized	columnar	-C		10	123	none		5.57624241	4.02		11	3	0	13x5 base-vs-fix arm-for-arm for #994; interleaved min-of-3, OPENMP=0, load~8-9; all 65 codelengths identical; OO arms (untouched) spread -8.9%..+9.8% = this session noise floor
fix-994-worker-leaf-input	2026-08-14T00:45:00Z	8	3	min	f118fa124335ba367359729b19c96981	b8b95e31	PR#994	air30k-reg	13213	state/memory	-d --regularized	columnar	-C -F		10	123	none		5.57624241	3.57		11	3	0	13x5 base-vs-fix arm-for-arm for #994; interleaved min-of-3, OPENMP=0, load~8-9; all 65 codelengths identical; OO arms (untouched) spread -8.9%..+9.8% = this session noise floor [pre-fix arm]
fix-994-worker-leaf-input	2026-08-14T00:45:00Z	8	3	min	fbc4cc15d16d8f96c3662f0c2cc34e5e	pending	PR#994	air30k-reg	13213	state/memory	-d --regularized	columnar	-C -F		10	123	none		5.57624241	3.57		11	3	0	13x5 base-vs-fix arm-for-arm for #994; interleaved min-of-3, OPENMP=0, load~8-9; all 65 codelengths identical; OO arms (untouched) spread -8.9%..+9.8% = this session noise floor
fix-994-worker-leaf-input	2026-08-14T00:45:00Z	8	3	min	f118fa124335ba367359729b19c96981	b8b95e31	PR#994	air30k-reg	13213	state/memory	-d --regularized	OO	OO		10	123	none		5.57843563	7.46		301	3	0	13x5 base-vs-fix arm-for-arm for #994; interleaved min-of-3, OPENMP=0, load~8-9; all 65 codelengths identical; OO arms (untouched) spread -8.9%..+9.8% = this session noise floor [pre-fix arm]
fix-994-worker-leaf-input	2026-08-14T00:45:00Z	8	3	min	fbc4cc15d16d8f96c3662f0c2cc34e5e	pending	PR#994	air30k-reg	13213	state/memory	-d --regularized	OO	OO		10	123	none		5.57843563	7.47		301	3	0	13x5 base-vs-fix arm-for-arm for #994; interleaved min-of-3, OPENMP=0, load~8-9; all 65 codelengths identical; OO arms (untouched) spread -8.9%..+9.8% = this session noise floor
fix-994-worker-leaf-input	2026-08-14T00:45:00Z	8	3	min	f118fa124335ba367359729b19c96981	b8b95e31	PR#994	jazz	198	base		OO	-2		10	123	none		6.86304747	0.02		5	2	0	13x5 base-vs-fix arm-for-arm for #994; interleaved min-of-3, OPENMP=0, load~8-9; all 65 codelengths identical; OO arms (untouched) spread -8.9%..+9.8% = this session noise floor [pre-fix arm]
fix-994-worker-leaf-input	2026-08-14T00:45:00Z	8	3	min	fbc4cc15d16d8f96c3662f0c2cc34e5e	pending	PR#994	jazz	198	base		OO	-2		10	123	none		6.86304747	0.02		5	2	0	13x5 base-vs-fix arm-for-arm for #994; interleaved min-of-3, OPENMP=0, load~8-9; all 65 codelengths identical; OO arms (untouched) spread -8.9%..+9.8% = this session noise floor
fix-994-worker-leaf-input	2026-08-14T00:45:00Z	8	3	min	f118fa124335ba367359729b19c96981	b8b95e31	PR#994	jazz	198	base		columnar	-2 -C		10	123	none		6.86122977	0.02		6	2	0	13x5 base-vs-fix arm-for-arm for #994; interleaved min-of-3, OPENMP=0, load~8-9; all 65 codelengths identical; OO arms (untouched) spread -8.9%..+9.8% = this session noise floor [pre-fix arm]
fix-994-worker-leaf-input	2026-08-14T00:45:00Z	8	3	min	fbc4cc15d16d8f96c3662f0c2cc34e5e	pending	PR#994	jazz	198	base		columnar	-2 -C		10	123	none		6.86122977	0.02		6	2	0	13x5 base-vs-fix arm-for-arm for #994; interleaved min-of-3, OPENMP=0, load~8-9; all 65 codelengths identical; OO arms (untouched) spread -8.9%..+9.8% = this session noise floor
fix-994-worker-leaf-input	2026-08-14T00:45:00Z	8	3	min	f118fa124335ba367359729b19c96981	b8b95e31	PR#994	jazz	198	base		columnar	-C		10	123	none		6.86275593	0.02		6	2	0	13x5 base-vs-fix arm-for-arm for #994; interleaved min-of-3, OPENMP=0, load~8-9; all 65 codelengths identical; OO arms (untouched) spread -8.9%..+9.8% = this session noise floor [pre-fix arm]
fix-994-worker-leaf-input	2026-08-14T00:45:00Z	8	3	min	fbc4cc15d16d8f96c3662f0c2cc34e5e	pending	PR#994	jazz	198	base		columnar	-C		10	123	none		6.86275593	0.02		6	2	0	13x5 base-vs-fix arm-for-arm for #994; interleaved min-of-3, OPENMP=0, load~8-9; all 65 codelengths identical; OO arms (untouched) spread -8.9%..+9.8% = this session noise floor
fix-994-worker-leaf-input	2026-08-14T00:45:00Z	8	3	min	f118fa124335ba367359729b19c96981	b8b95e31	PR#994	jazz	198	base		columnar	-C -F		10	123	none		6.86275593	0.02		6	2	0	13x5 base-vs-fix arm-for-arm for #994; interleaved min-of-3, OPENMP=0, load~8-9; all 65 codelengths identical; OO arms (untouched) spread -8.9%..+9.8% = this session noise floor [pre-fix arm]
fix-994-worker-leaf-input	2026-08-14T00:45:00Z	8	3	min	fbc4cc15d16d8f96c3662f0c2cc34e5e	pending	PR#994	jazz	198	base		columnar	-C -F		10	123	none		6.86275593	0.02		6	2	0	13x5 base-vs-fix arm-for-arm for #994; interleaved min-of-3, OPENMP=0, load~8-9; all 65 codelengths identical; OO arms (untouched) spread -8.9%..+9.8% = this session noise floor
fix-994-worker-leaf-input	2026-08-14T00:45:00Z	8	3	min	f118fa124335ba367359729b19c96981	b8b95e31	PR#994	jazz	198	base		OO	OO		10	123	none		6.86304747	0.03		5	2	0	13x5 base-vs-fix arm-for-arm for #994; interleaved min-of-3, OPENMP=0, load~8-9; all 65 codelengths identical; OO arms (untouched) spread -8.9%..+9.8% = this session noise floor [pre-fix arm]
fix-994-worker-leaf-input	2026-08-14T00:45:00Z	8	3	min	fbc4cc15d16d8f96c3662f0c2cc34e5e	pending	PR#994	jazz	198	base		OO	OO		10	123	none		6.86304747	0.03		5	2	0	13x5 base-vs-fix arm-for-arm for #994; interleaved min-of-3, OPENMP=0, load~8-9; all 65 codelengths identical; OO arms (untouched) spread -8.9%..+9.8% = this session noise floor
fix-994-worker-leaf-input	2026-08-14T00:45:00Z	8	3	min	f118fa124335ba367359729b19c96981	b8b95e31	PR#994	lazega	69	metadata	--meta-data	OO	-2		10	123	none		6.01786027	0.02		7	2	0	13x5 base-vs-fix arm-for-arm for #994; interleaved min-of-3, OPENMP=0, load~8-9; all 65 codelengths identical; OO arms (untouched) spread -8.9%..+9.8% = this session noise floor [pre-fix arm]
fix-994-worker-leaf-input	2026-08-14T00:45:00Z	8	3	min	fbc4cc15d16d8f96c3662f0c2cc34e5e	pending	PR#994	lazega	69	metadata	--meta-data	OO	-2		10	123	none		6.01786027	0.02		7	2	0	13x5 base-vs-fix arm-for-arm for #994; interleaved min-of-3, OPENMP=0, load~8-9; all 65 codelengths identical; OO arms (untouched) spread -8.9%..+9.8% = this session noise floor
fix-994-worker-leaf-input	2026-08-14T00:45:00Z	8	3	min	f118fa124335ba367359729b19c96981	b8b95e31	PR#994	lazega	69	metadata	--meta-data	columnar	-2 -C		10	123	none		6.01786027	0.01		7	2	0	13x5 base-vs-fix arm-for-arm for #994; interleaved min-of-3, OPENMP=0, load~8-9; all 65 codelengths identical; OO arms (untouched) spread -8.9%..+9.8% = this session noise floor [pre-fix arm]
fix-994-worker-leaf-input	2026-08-14T00:45:00Z	8	3	min	fbc4cc15d16d8f96c3662f0c2cc34e5e	pending	PR#994	lazega	69	metadata	--meta-data	columnar	-2 -C		10	123	none		6.01786027	0.01		7	2	0	13x5 base-vs-fix arm-for-arm for #994; interleaved min-of-3, OPENMP=0, load~8-9; all 65 codelengths identical; OO arms (untouched) spread -8.9%..+9.8% = this session noise floor
fix-994-worker-leaf-input	2026-08-14T00:45:00Z	8	3	min	f118fa124335ba367359729b19c96981	b8b95e31	PR#994	lazega	69	metadata	--meta-data	columnar	-C		10	123	none		6.01786027	0.01		7	2	0	13x5 base-vs-fix arm-for-arm for #994; interleaved min-of-3, OPENMP=0, load~8-9; all 65 codelengths identical; OO arms (untouched) spread -8.9%..+9.8% = this session noise floor [pre-fix arm]
fix-994-worker-leaf-input	2026-08-14T00:45:00Z	8	3	min	fbc4cc15d16d8f96c3662f0c2cc34e5e	pending	PR#994	lazega	69	metadata	--meta-data	columnar	-C		10	123	none		6.01786027	0.01		7	2	0	13x5 base-vs-fix arm-for-arm for #994; interleaved min-of-3, OPENMP=0, load~8-9; all 65 codelengths identical; OO arms (untouched) spread -8.9%..+9.8% = this session noise floor
fix-994-worker-leaf-input	2026-08-14T00:45:00Z	8	3	min	f118fa124335ba367359729b19c96981	b8b95e31	PR#994	lazega	69	metadata	--meta-data	columnar	-C -F		10	123	none		6.01786027	0.01		7	2	0	13x5 base-vs-fix arm-for-arm for #994; interleaved min-of-3, OPENMP=0, load~8-9; all 65 codelengths identical; OO arms (untouched) spread -8.9%..+9.8% = this session noise floor [pre-fix arm]
fix-994-worker-leaf-input	2026-08-14T00:45:00Z	8	3	min	fbc4cc15d16d8f96c3662f0c2cc34e5e	pending	PR#994	lazega	69	metadata	--meta-data	columnar	-C -F		10	123	none		6.01786027	0.01		7	2	0	13x5 base-vs-fix arm-for-arm for #994; interleaved min-of-3, OPENMP=0, load~8-9; all 65 codelengths identical; OO arms (untouched) spread -8.9%..+9.8% = this session noise floor
fix-994-worker-leaf-input	2026-08-14T00:45:00Z	8	3	min	f118fa124335ba367359729b19c96981	b8b95e31	PR#994	lazega	69	metadata	--meta-data	OO	OO		10	123	none		6.01786027	0.02		7	2	0	13x5 base-vs-fix arm-for-arm for #994; interleaved min-of-3, OPENMP=0, load~8-9; all 65 codelengths identical; OO arms (untouched) spread -8.9%..+9.8% = this session noise floor [pre-fix arm]
fix-994-worker-leaf-input	2026-08-14T00:45:00Z	8	3	min	fbc4cc15d16d8f96c3662f0c2cc34e5e	pending	PR#994	lazega	69	metadata	--meta-data	OO	OO		10	123	none		6.01786027	0.02		7	2	0	13x5 base-vs-fix arm-for-arm for #994; interleaved min-of-3, OPENMP=0, load~8-9; all 65 codelengths identical; OO arms (untouched) spread -8.9%..+9.8% = this session noise floor
fix-994-worker-leaf-input	2026-08-14T00:45:00Z	8	3	min	f118fa124335ba367359729b19c96981	b8b95e31	PR#994	malaria	307x9L	multilayer		OO	-2		10	123	none		7.50595639	6.57		142	2	0	13x5 base-vs-fix arm-for-arm for #994; interleaved min-of-3, OPENMP=0, load~8-9; all 65 codelengths identical; OO arms (untouched) spread -8.9%..+9.8% = this session noise floor [pre-fix arm]
fix-994-worker-leaf-input	2026-08-14T00:45:00Z	8	3	min	fbc4cc15d16d8f96c3662f0c2cc34e5e	pending	PR#994	malaria	307x9L	multilayer		OO	-2		10	123	none		7.50595639	6.60		142	2	0	13x5 base-vs-fix arm-for-arm for #994; interleaved min-of-3, OPENMP=0, load~8-9; all 65 codelengths identical; OO arms (untouched) spread -8.9%..+9.8% = this session noise floor
fix-994-worker-leaf-input	2026-08-14T00:45:00Z	8	3	min	f118fa124335ba367359729b19c96981	b8b95e31	PR#994	malaria	307x9L	multilayer		columnar	-2 -C		10	123	none		7.40044538	2.85		168	2	0	13x5 base-vs-fix arm-for-arm for #994; interleaved min-of-3, OPENMP=0, load~8-9; all 65 codelengths identical; OO arms (untouched) spread -8.9%..+9.8% = this session noise floor [pre-fix arm]
fix-994-worker-leaf-input	2026-08-14T00:45:00Z	8	3	min	fbc4cc15d16d8f96c3662f0c2cc34e5e	pending	PR#994	malaria	307x9L	multilayer		columnar	-2 -C		10	123	none		7.40044538	2.83		168	2	0	13x5 base-vs-fix arm-for-arm for #994; interleaved min-of-3, OPENMP=0, load~8-9; all 65 codelengths identical; OO arms (untouched) spread -8.9%..+9.8% = this session noise floor
fix-994-worker-leaf-input	2026-08-14T00:45:00Z	8	3	min	f118fa124335ba367359729b19c96981	b8b95e31	PR#994	malaria	307x9L	multilayer		columnar	-C		10	123	none		7.39750171	3.25		2	3	0	13x5 base-vs-fix arm-for-arm for #994; interleaved min-of-3, OPENMP=0, load~8-9; all 65 codelengths identical; OO arms (untouched) spread -8.9%..+9.8% = this session noise floor [pre-fix arm]
fix-994-worker-leaf-input	2026-08-14T00:45:00Z	8	3	min	fbc4cc15d16d8f96c3662f0c2cc34e5e	pending	PR#994	malaria	307x9L	multilayer		columnar	-C		10	123	none		7.39750171	3.26		2	3	0	13x5 base-vs-fix arm-for-arm for #994; interleaved min-of-3, OPENMP=0, load~8-9; all 65 codelengths identical; OO arms (untouched) spread -8.9%..+9.8% = this session noise floor
fix-994-worker-leaf-input	2026-08-14T00:45:00Z	8	3	min	f118fa124335ba367359729b19c96981	b8b95e31	PR#994	malaria	307x9L	multilayer		columnar	-C -F		10	123	none		7.39750171	3.17		2	3	0	13x5 base-vs-fix arm-for-arm for #994; interleaved min-of-3, OPENMP=0, load~8-9; all 65 codelengths identical; OO arms (untouched) spread -8.9%..+9.8% = this session noise floor [pre-fix arm]
fix-994-worker-leaf-input	2026-08-14T00:45:00Z	8	3	min	fbc4cc15d16d8f96c3662f0c2cc34e5e	pending	PR#994	malaria	307x9L	multilayer		columnar	-C -F		10	123	none		7.39750171	3.20		2	3	0	13x5 base-vs-fix arm-for-arm for #994; interleaved min-of-3, OPENMP=0, load~8-9; all 65 codelengths identical; OO arms (untouched) spread -8.9%..+9.8% = this session noise floor
fix-994-worker-leaf-input	2026-08-14T00:45:00Z	8	3	min	f118fa124335ba367359729b19c96981	b8b95e31	PR#994	malaria	307x9L	multilayer		OO	OO		10	123	none		7.5024205	9.13		142	3	0	13x5 base-vs-fix arm-for-arm for #994; interleaved min-of-3, OPENMP=0, load~8-9; all 65 codelengths identical; OO arms (untouched) spread -8.9%..+9.8% = this session noise floor [pre-fix arm]
fix-994-worker-leaf-input	2026-08-14T00:45:00Z	8	3	min	fbc4cc15d16d8f96c3662f0c2cc34e5e	pending	PR#994	malaria	307x9L	multilayer		OO	OO		10	123	none		7.5024205	9.13		142	3	0	13x5 base-vs-fix arm-for-arm for #994; interleaved min-of-3, OPENMP=0, load~8-9; all 65 codelengths identical; OO arms (untouched) spread -8.9%..+9.8% = this session noise floor
fix-994-worker-leaf-input	2026-08-14T00:45:00Z	8	3	min	f118fa124335ba367359729b19c96981	b8b95e31	PR#994	multilayer	5	multilayer		OO	-2		10	123	none		2.01140524	0.01		2	2	0	13x5 base-vs-fix arm-for-arm for #994; interleaved min-of-3, OPENMP=0, load~8-9; all 65 codelengths identical; OO arms (untouched) spread -8.9%..+9.8% = this session noise floor [pre-fix arm]
fix-994-worker-leaf-input	2026-08-14T00:45:00Z	8	3	min	fbc4cc15d16d8f96c3662f0c2cc34e5e	pending	PR#994	multilayer	5	multilayer		OO	-2		10	123	none		2.01140524	0.01		2	2	0	13x5 base-vs-fix arm-for-arm for #994; interleaved min-of-3, OPENMP=0, load~8-9; all 65 codelengths identical; OO arms (untouched) spread -8.9%..+9.8% = this session noise floor
fix-994-worker-leaf-input	2026-08-14T00:45:00Z	8	3	min	f118fa124335ba367359729b19c96981	b8b95e31	PR#994	multilayer	5	multilayer		columnar	-2 -C		10	123	none		2.01140524	0.01		2	2	0	13x5 base-vs-fix arm-for-arm for #994; interleaved min-of-3, OPENMP=0, load~8-9; all 65 codelengths identical; OO arms (untouched) spread -8.9%..+9.8% = this session noise floor [pre-fix arm]
fix-994-worker-leaf-input	2026-08-14T00:45:00Z	8	3	min	fbc4cc15d16d8f96c3662f0c2cc34e5e	pending	PR#994	multilayer	5	multilayer		columnar	-2 -C		10	123	none		2.01140524	0.01		2	2	0	13x5 base-vs-fix arm-for-arm for #994; interleaved min-of-3, OPENMP=0, load~8-9; all 65 codelengths identical; OO arms (untouched) spread -8.9%..+9.8% = this session noise floor
fix-994-worker-leaf-input	2026-08-14T00:45:00Z	8	3	min	f118fa124335ba367359729b19c96981	b8b95e31	PR#994	multilayer	5	multilayer		columnar	-C		10	123	none		2.01140524	0.01		2	2	0	13x5 base-vs-fix arm-for-arm for #994; interleaved min-of-3, OPENMP=0, load~8-9; all 65 codelengths identical; OO arms (untouched) spread -8.9%..+9.8% = this session noise floor [pre-fix arm]
fix-994-worker-leaf-input	2026-08-14T00:45:00Z	8	3	min	fbc4cc15d16d8f96c3662f0c2cc34e5e	pending	PR#994	multilayer	5	multilayer		columnar	-C		10	123	none		2.01140524	0.01		2	2	0	13x5 base-vs-fix arm-for-arm for #994; interleaved min-of-3, OPENMP=0, load~8-9; all 65 codelengths identical; OO arms (untouched) spread -8.9%..+9.8% = this session noise floor
fix-994-worker-leaf-input	2026-08-14T00:45:00Z	8	3	min	f118fa124335ba367359729b19c96981	b8b95e31	PR#994	multilayer	5	multilayer		columnar	-C -F		10	123	none		2.01140524	0.01		2	2	0	13x5 base-vs-fix arm-for-arm for #994; interleaved min-of-3, OPENMP=0, load~8-9; all 65 codelengths identical; OO arms (untouched) spread -8.9%..+9.8% = this session noise floor [pre-fix arm]
fix-994-worker-leaf-input	2026-08-14T00:45:00Z	8	3	min	fbc4cc15d16d8f96c3662f0c2cc34e5e	pending	PR#994	multilayer	5	multilayer		columnar	-C -F		10	123	none		2.01140524	0.01		2	2	0	13x5 base-vs-fix arm-for-arm for #994; interleaved min-of-3, OPENMP=0, load~8-9; all 65 codelengths identical; OO arms (untouched) spread -8.9%..+9.8% = this session noise floor
fix-994-worker-leaf-input	2026-08-14T00:45:00Z	8	3	min	f118fa124335ba367359729b19c96981	b8b95e31	PR#994	multilayer	5	multilayer		OO	OO		10	123	none		2.01140524	0.01		2	2	0	13x5 base-vs-fix arm-for-arm for #994; interleaved min-of-3, OPENMP=0, load~8-9; all 65 codelengths identical; OO arms (untouched) spread -8.9%..+9.8% = this session noise floor [pre-fix arm]
fix-994-worker-leaf-input	2026-08-14T00:45:00Z	8	3	min	fbc4cc15d16d8f96c3662f0c2cc34e5e	pending	PR#994	multilayer	5	multilayer		OO	OO		10	123	none		2.01140524	0.01		2	2	0	13x5 base-vs-fix arm-for-arm for #994; interleaved min-of-3, OPENMP=0, load~8-9; all 65 codelengths identical; OO arms (untouched) spread -8.9%..+9.8% = this session noise floor
fix-994-worker-leaf-input	2026-08-14T00:45:00Z	8	3	min	f118fa124335ba367359729b19c96981	b8b95e31	PR#994	netscicoauthor2010	552	base		OO	-2		10	123	none		4.28501267	0.04		56	2	0	13x5 base-vs-fix arm-for-arm for #994; interleaved min-of-3, OPENMP=0, load~8-9; all 65 codelengths identical; OO arms (untouched) spread -8.9%..+9.8% = this session noise floor [pre-fix arm]
fix-994-worker-leaf-input	2026-08-14T00:45:00Z	8	3	min	fbc4cc15d16d8f96c3662f0c2cc34e5e	pending	PR#994	netscicoauthor2010	552	base		OO	-2		10	123	none		4.28501267	0.04		56	2	0	13x5 base-vs-fix arm-for-arm for #994; interleaved min-of-3, OPENMP=0, load~8-9; all 65 codelengths identical; OO arms (untouched) spread -8.9%..+9.8% = this session noise floor
fix-994-worker-leaf-input	2026-08-14T00:45:00Z	8	3	min	f118fa124335ba367359729b19c96981	b8b95e31	PR#994	netscicoauthor2010	552	base		columnar	-2 -C		10	123	none		4.28307258	0.02		59	2	0	13x5 base-vs-fix arm-for-arm for #994; interleaved min-of-3, OPENMP=0, load~8-9; all 65 codelengths identical; OO arms (untouched) spread -8.9%..+9.8% = this session noise floor [pre-fix arm]
fix-994-worker-leaf-input	2026-08-14T00:45:00Z	8	3	min	fbc4cc15d16d8f96c3662f0c2cc34e5e	pending	PR#994	netscicoauthor2010	552	base		columnar	-2 -C		10	123	none		4.28307258	0.02		59	2	0	13x5 base-vs-fix arm-for-arm for #994; interleaved min-of-3, OPENMP=0, load~8-9; all 65 codelengths identical; OO arms (untouched) spread -8.9%..+9.8% = this session noise floor
fix-994-worker-leaf-input	2026-08-14T00:45:00Z	8	3	min	f118fa124335ba367359729b19c96981	b8b95e31	PR#994	netscicoauthor2010	552	base		columnar	-C		10	123	none		4.05454025	0.03		2	4	0	13x5 base-vs-fix arm-for-arm for #994; interleaved min-of-3, OPENMP=0, load~8-9; all 65 codelengths identical; OO arms (untouched) spread -8.9%..+9.8% = this session noise floor [pre-fix arm]
fix-994-worker-leaf-input	2026-08-14T00:45:00Z	8	3	min	fbc4cc15d16d8f96c3662f0c2cc34e5e	pending	PR#994	netscicoauthor2010	552	base		columnar	-C		10	123	none		4.05454025	0.03		2	4	0	13x5 base-vs-fix arm-for-arm for #994; interleaved min-of-3, OPENMP=0, load~8-9; all 65 codelengths identical; OO arms (untouched) spread -8.9%..+9.8% = this session noise floor
fix-994-worker-leaf-input	2026-08-14T00:45:00Z	8	3	min	f118fa124335ba367359729b19c96981	b8b95e31	PR#994	netscicoauthor2010	552	base		columnar	-C -F		10	123	none		4.06300588	0.02		4	4	0	13x5 base-vs-fix arm-for-arm for #994; interleaved min-of-3, OPENMP=0, load~8-9; all 65 codelengths identical; OO arms (untouched) spread -8.9%..+9.8% = this session noise floor [pre-fix arm]
fix-994-worker-leaf-input	2026-08-14T00:45:00Z	8	3	min	fbc4cc15d16d8f96c3662f0c2cc34e5e	pending	PR#994	netscicoauthor2010	552	base		columnar	-C -F		10	123	none		4.06300588	0.02		4	4	0	13x5 base-vs-fix arm-for-arm for #994; interleaved min-of-3, OPENMP=0, load~8-9; all 65 codelengths identical; OO arms (untouched) spread -8.9%..+9.8% = this session noise floor
fix-994-worker-leaf-input	2026-08-14T00:45:00Z	8	3	min	f118fa124335ba367359729b19c96981	b8b95e31	PR#994	netscicoauthor2010	552	base		OO	OO		10	123	none		4.04354934	0.13		2	5	0	13x5 base-vs-fix arm-for-arm for #994; interleaved min-of-3, OPENMP=0, load~8-9; all 65 codelengths identical; OO arms (untouched) spread -8.9%..+9.8% = this session noise floor [pre-fix arm]
fix-994-worker-leaf-input	2026-08-14T00:45:00Z	8	3	min	fbc4cc15d16d8f96c3662f0c2cc34e5e	pending	PR#994	netscicoauthor2010	552	base		OO	OO		10	123	none		4.04354934	0.13		2	5	0	13x5 base-vs-fix arm-for-arm for #994; interleaved min-of-3, OPENMP=0, load~8-9; all 65 codelengths identical; OO arms (untouched) spread -8.9%..+9.8% = this session noise floor
fix-994-worker-leaf-input	2026-08-14T00:45:00Z	8	3	min	f118fa124335ba367359729b19c96981	b8b95e31	PR#994	ninetriangles	27	base		OO	-2		10	123	none		3.51775481	0.01		9	2	0	13x5 base-vs-fix arm-for-arm for #994; interleaved min-of-3, OPENMP=0, load~8-9; all 65 codelengths identical; OO arms (untouched) spread -8.9%..+9.8% = this session noise floor [pre-fix arm]
fix-994-worker-leaf-input	2026-08-14T00:45:00Z	8	3	min	fbc4cc15d16d8f96c3662f0c2cc34e5e	pending	PR#994	ninetriangles	27	base		OO	-2		10	123	none		3.51775481	0.01		9	2	0	13x5 base-vs-fix arm-for-arm for #994; interleaved min-of-3, OPENMP=0, load~8-9; all 65 codelengths identical; OO arms (untouched) spread -8.9%..+9.8% = this session noise floor
fix-994-worker-leaf-input	2026-08-14T00:45:00Z	8	3	min	f118fa124335ba367359729b19c96981	b8b95e31	PR#994	ninetriangles	27	base		columnar	-2 -C		10	123	none		3.51775481	0.01		9	2	0	13x5 base-vs-fix arm-for-arm for #994; interleaved min-of-3, OPENMP=0, load~8-9; all 65 codelengths identical; OO arms (untouched) spread -8.9%..+9.8% = this session noise floor [pre-fix arm]
fix-994-worker-leaf-input	2026-08-14T00:45:00Z	8	3	min	fbc4cc15d16d8f96c3662f0c2cc34e5e	pending	PR#994	ninetriangles	27	base		columnar	-2 -C		10	123	none		3.51775481	0.01		9	2	0	13x5 base-vs-fix arm-for-arm for #994; interleaved min-of-3, OPENMP=0, load~8-9; all 65 codelengths identical; OO arms (untouched) spread -8.9%..+9.8% = this session noise floor
fix-994-worker-leaf-input	2026-08-14T00:45:00Z	8	3	min	f118fa124335ba367359729b19c96981	b8b95e31	PR#994	ninetriangles	27	base		columnar	-C		10	123	none		3.38583082	0.01		3	3	0	13x5 base-vs-fix arm-for-arm for #994; interleaved min-of-3, OPENMP=0, load~8-9; all 65 codelengths identical; OO arms (untouched) spread -8.9%..+9.8% = this session noise floor [pre-fix arm]
fix-994-worker-leaf-input	2026-08-14T00:45:00Z	8	3	min	fbc4cc15d16d8f96c3662f0c2cc34e5e	pending	PR#994	ninetriangles	27	base		columnar	-C		10	123	none		3.38583082	0.01		3	3	0	13x5 base-vs-fix arm-for-arm for #994; interleaved min-of-3, OPENMP=0, load~8-9; all 65 codelengths identical; OO arms (untouched) spread -8.9%..+9.8% = this session noise floor
fix-994-worker-leaf-input	2026-08-14T00:45:00Z	8	3	min	f118fa124335ba367359729b19c96981	b8b95e31	PR#994	ninetriangles	27	base		columnar	-C -F		10	123	none		3.38583082	0.01		3	3	0	13x5 base-vs-fix arm-for-arm for #994; interleaved min-of-3, OPENMP=0, load~8-9; all 65 codelengths identical; OO arms (untouched) spread -8.9%..+9.8% = this session noise floor [pre-fix arm]
fix-994-worker-leaf-input	2026-08-14T00:45:00Z	8	3	min	fbc4cc15d16d8f96c3662f0c2cc34e5e	pending	PR#994	ninetriangles	27	base		columnar	-C -F		10	123	none		3.38583082	0.01		3	3	0	13x5 base-vs-fix arm-for-arm for #994; interleaved min-of-3, OPENMP=0, load~8-9; all 65 codelengths identical; OO arms (untouched) spread -8.9%..+9.8% = this session noise floor
fix-994-worker-leaf-input	2026-08-14T00:45:00Z	8	3	min	f118fa124335ba367359729b19c96981	b8b95e31	PR#994	ninetriangles	27	base		OO	OO		10	123	none		3.38583082	0.01		3	3	0	13x5 base-vs-fix arm-for-arm for #994; interleaved min-of-3, OPENMP=0, load~8-9; all 65 codelengths identical; OO arms (untouched) spread -8.9%..+9.8% = this session noise floor [pre-fix arm]
fix-994-worker-leaf-input	2026-08-14T00:45:00Z	8	3	min	fbc4cc15d16d8f96c3662f0c2cc34e5e	pending	PR#994	ninetriangles	27	base		OO	OO		10	123	none		3.38583082	0.01		3	3	0	13x5 base-vs-fix arm-for-arm for #994; interleaved min-of-3, OPENMP=0, load~8-9; all 65 codelengths identical; OO arms (untouched) spread -8.9%..+9.8% = this session noise floor
fix-994-worker-leaf-input	2026-08-14T00:45:00Z	8	3	min	f118fa124335ba367359729b19c96981	b8b95e31	PR#994	politicalblogs	1046	base	-d	OO	-2		10	123	none		6.73972141	0.10		80	2	0	13x5 base-vs-fix arm-for-arm for #994; interleaved min-of-3, OPENMP=0, load~8-9; all 65 codelengths identical; OO arms (untouched) spread -8.9%..+9.8% = this session noise floor [pre-fix arm]
fix-994-worker-leaf-input	2026-08-14T00:45:00Z	8	3	min	fbc4cc15d16d8f96c3662f0c2cc34e5e	pending	PR#994	politicalblogs	1046	base	-d	OO	-2		10	123	none		6.73972141	0.10		80	2	0	13x5 base-vs-fix arm-for-arm for #994; interleaved min-of-3, OPENMP=0, load~8-9; all 65 codelengths identical; OO arms (untouched) spread -8.9%..+9.8% = this session noise floor
fix-994-worker-leaf-input	2026-08-14T00:45:00Z	8	3	min	f118fa124335ba367359729b19c96981	b8b95e31	PR#994	politicalblogs	1046	base	-d	columnar	-2 -C		10	123	none		6.73957529	0.06		81	2	0	13x5 base-vs-fix arm-for-arm for #994; interleaved min-of-3, OPENMP=0, load~8-9; all 65 codelengths identical; OO arms (untouched) spread -8.9%..+9.8% = this session noise floor [pre-fix arm]
fix-994-worker-leaf-input	2026-08-14T00:45:00Z	8	3	min	fbc4cc15d16d8f96c3662f0c2cc34e5e	pending	PR#994	politicalblogs	1046	base	-d	columnar	-2 -C		10	123	none		6.73957529	0.06		81	2	0	13x5 base-vs-fix arm-for-arm for #994; interleaved min-of-3, OPENMP=0, load~8-9; all 65 codelengths identical; OO arms (untouched) spread -8.9%..+9.8% = this session noise floor
fix-994-worker-leaf-input	2026-08-14T00:45:00Z	8	3	min	f118fa124335ba367359729b19c96981	b8b95e31	PR#994	politicalblogs	1046	base	-d	columnar	-C		10	123	none		6.74094314	0.07		81	2	0	13x5 base-vs-fix arm-for-arm for #994; interleaved min-of-3, OPENMP=0, load~8-9; all 65 codelengths identical; OO arms (untouched) spread -8.9%..+9.8% = this session noise floor [pre-fix arm]
fix-994-worker-leaf-input	2026-08-14T00:45:00Z	8	3	min	fbc4cc15d16d8f96c3662f0c2cc34e5e	pending	PR#994	politicalblogs	1046	base	-d	columnar	-C		10	123	none		6.74094314	0.07		81	2	0	13x5 base-vs-fix arm-for-arm for #994; interleaved min-of-3, OPENMP=0, load~8-9; all 65 codelengths identical; OO arms (untouched) spread -8.9%..+9.8% = this session noise floor
fix-994-worker-leaf-input	2026-08-14T00:45:00Z	8	3	min	f118fa124335ba367359729b19c96981	b8b95e31	PR#994	politicalblogs	1046	base	-d	columnar	-C -F		10	123	none		6.74094314	0.07		81	2	0	13x5 base-vs-fix arm-for-arm for #994; interleaved min-of-3, OPENMP=0, load~8-9; all 65 codelengths identical; OO arms (untouched) spread -8.9%..+9.8% = this session noise floor [pre-fix arm]
fix-994-worker-leaf-input	2026-08-14T00:45:00Z	8	3	min	fbc4cc15d16d8f96c3662f0c2cc34e5e	pending	PR#994	politicalblogs	1046	base	-d	columnar	-C -F		10	123	none		6.74094314	0.07		81	2	0	13x5 base-vs-fix arm-for-arm for #994; interleaved min-of-3, OPENMP=0, load~8-9; all 65 codelengths identical; OO arms (untouched) spread -8.9%..+9.8% = this session noise floor
fix-994-worker-leaf-input	2026-08-14T00:45:00Z	8	3	min	f118fa124335ba367359729b19c96981	b8b95e31	PR#994	politicalblogs	1046	base	-d	OO	OO		10	123	none		6.73892798	0.16		80	3	0	13x5 base-vs-fix arm-for-arm for #994; interleaved min-of-3, OPENMP=0, load~8-9; all 65 codelengths identical; OO arms (untouched) spread -8.9%..+9.8% = this session noise floor [pre-fix arm]
fix-994-worker-leaf-input	2026-08-14T00:45:00Z	8	3	min	fbc4cc15d16d8f96c3662f0c2cc34e5e	pending	PR#994	politicalblogs	1046	base	-d	OO	OO		10	123	none		6.73892798	0.16		80	3	0	13x5 base-vs-fix arm-for-arm for #994; interleaved min-of-3, OPENMP=0, load~8-9; all 65 codelengths identical; OO arms (untouched) spread -8.9%..+9.8% = this session noise floor
fix-994-worker-leaf-input	2026-08-14T00:45:00Z	8	3	min	f118fa124335ba367359729b19c96981	b8b95e31	PR#994	powergrid	4941	base		OO	-2		10	123	none		5.60044386	0.61		419	2	0	13x5 base-vs-fix arm-for-arm for #994; interleaved min-of-3, OPENMP=0, load~8-9; all 65 codelengths identical; OO arms (untouched) spread -8.9%..+9.8% = this session noise floor [pre-fix arm]
fix-994-worker-leaf-input	2026-08-14T00:45:00Z	8	3	min	fbc4cc15d16d8f96c3662f0c2cc34e5e	pending	PR#994	powergrid	4941	base		OO	-2		10	123	none		5.60044386	0.62		419	2	0	13x5 base-vs-fix arm-for-arm for #994; interleaved min-of-3, OPENMP=0, load~8-9; all 65 codelengths identical; OO arms (untouched) spread -8.9%..+9.8% = this session noise floor
fix-994-worker-leaf-input	2026-08-14T00:45:00Z	8	3	min	f118fa124335ba367359729b19c96981	b8b95e31	PR#994	powergrid	4941	base		columnar	-2 -C		10	123	none		5.63729688	0.11		419	2	0	13x5 base-vs-fix arm-for-arm for #994; interleaved min-of-3, OPENMP=0, load~8-9; all 65 codelengths identical; OO arms (untouched) spread -8.9%..+9.8% = this session noise floor [pre-fix arm]
fix-994-worker-leaf-input	2026-08-14T00:45:00Z	8	3	min	fbc4cc15d16d8f96c3662f0c2cc34e5e	pending	PR#994	powergrid	4941	base		columnar	-2 -C		10	123	none		5.63729688	0.11		419	2	0	13x5 base-vs-fix arm-for-arm for #994; interleaved min-of-3, OPENMP=0, load~8-9; all 65 codelengths identical; OO arms (untouched) spread -8.9%..+9.8% = this session noise floor
fix-994-worker-leaf-input	2026-08-14T00:45:00Z	8	3	min	f118fa124335ba367359729b19c96981	b8b95e31	PR#994	powergrid	4941	base		columnar	-C		10	123	none		4.74107206	0.26		5	5	0	13x5 base-vs-fix arm-for-arm for #994; interleaved min-of-3, OPENMP=0, load~8-9; all 65 codelengths identical; OO arms (untouched) spread -8.9%..+9.8% = this session noise floor [pre-fix arm]
fix-994-worker-leaf-input	2026-08-14T00:45:00Z	8	3	min	fbc4cc15d16d8f96c3662f0c2cc34e5e	pending	PR#994	powergrid	4941	base		columnar	-C		10	123	none		4.74107206	0.27		5	5	0	13x5 base-vs-fix arm-for-arm for #994; interleaved min-of-3, OPENMP=0, load~8-9; all 65 codelengths identical; OO arms (untouched) spread -8.9%..+9.8% = this session noise floor
fix-994-worker-leaf-input	2026-08-14T00:45:00Z	8	3	min	f118fa124335ba367359729b19c96981	b8b95e31	PR#994	powergrid	4941	base		columnar	-C -F		10	123	none		4.77402224	0.16		4	5	0	13x5 base-vs-fix arm-for-arm for #994; interleaved min-of-3, OPENMP=0, load~8-9; all 65 codelengths identical; OO arms (untouched) spread -8.9%..+9.8% = this session noise floor [pre-fix arm]
fix-994-worker-leaf-input	2026-08-14T00:45:00Z	8	3	min	fbc4cc15d16d8f96c3662f0c2cc34e5e	pending	PR#994	powergrid	4941	base		columnar	-C -F		10	123	none		4.77402224	0.16		4	5	0	13x5 base-vs-fix arm-for-arm for #994; interleaved min-of-3, OPENMP=0, load~8-9; all 65 codelengths identical; OO arms (untouched) spread -8.9%..+9.8% = this session noise floor
fix-994-worker-leaf-input	2026-08-14T00:45:00Z	8	3	min	f118fa124335ba367359729b19c96981	b8b95e31	PR#994	powergrid	4941	base		OO	OO		10	123	none		4.7587292	1.98		5	7	0	13x5 base-vs-fix arm-for-arm for #994; interleaved min-of-3, OPENMP=0, load~8-9; all 65 codelengths identical; OO arms (untouched) spread -8.9%..+9.8% = this session noise floor [pre-fix arm]
fix-994-worker-leaf-input	2026-08-14T00:45:00Z	8	3	min	fbc4cc15d16d8f96c3662f0c2cc34e5e	pending	PR#994	powergrid	4941	base		OO	OO		10	123	none		4.7587292	2.04		5	7	0	13x5 base-vs-fix arm-for-arm for #994; interleaved min-of-3, OPENMP=0, load~8-9; all 65 codelengths identical; OO arms (untouched) spread -8.9%..+9.8% = this session noise floor
fix-994-worker-leaf-input	2026-08-14T00:45:00Z	8	3	min	f118fa124335ba367359729b19c96981	b8b95e31	PR#994	science2001	7170	base	-d	OO	-2		10	123	none		7.9500396	3.97		496	2	0	13x5 base-vs-fix arm-for-arm for #994; interleaved min-of-3, OPENMP=0, load~8-9; all 65 codelengths identical; OO arms (untouched) spread -8.9%..+9.8% = this session noise floor [pre-fix arm]
fix-994-worker-leaf-input	2026-08-14T00:45:00Z	8	3	min	fbc4cc15d16d8f96c3662f0c2cc34e5e	pending	PR#994	science2001	7170	base	-d	OO	-2		10	123	none		7.9500396	4.36		496	2	0	13x5 base-vs-fix arm-for-arm for #994; interleaved min-of-3, OPENMP=0, load~8-9; all 65 codelengths identical; OO arms (untouched) spread -8.9%..+9.8% = this session noise floor
fix-994-worker-leaf-input	2026-08-14T00:45:00Z	8	3	min	f118fa124335ba367359729b19c96981	b8b95e31	PR#994	science2001	7170	base	-d	columnar	-2 -C		10	123	none		7.94997883	2.63		506	2	0	13x5 base-vs-fix arm-for-arm for #994; interleaved min-of-3, OPENMP=0, load~8-9; all 65 codelengths identical; OO arms (untouched) spread -8.9%..+9.8% = this session noise floor [pre-fix arm]
fix-994-worker-leaf-input	2026-08-14T00:45:00Z	8	3	min	fbc4cc15d16d8f96c3662f0c2cc34e5e	pending	PR#994	science2001	7170	base	-d	columnar	-2 -C		10	123	none		7.94997883	2.59		506	2	0	13x5 base-vs-fix arm-for-arm for #994; interleaved min-of-3, OPENMP=0, load~8-9; all 65 codelengths identical; OO arms (untouched) spread -8.9%..+9.8% = this session noise floor
fix-994-worker-leaf-input	2026-08-14T00:45:00Z	8	3	min	f118fa124335ba367359729b19c96981	b8b95e31	PR#994	science2001	7170	base	-d	columnar	-C		10	123	none		7.8334366	3.24		15	3	0	13x5 base-vs-fix arm-for-arm for #994; interleaved min-of-3, OPENMP=0, load~8-9; all 65 codelengths identical; OO arms (untouched) spread -8.9%..+9.8% = this session noise floor [pre-fix arm]
fix-994-worker-leaf-input	2026-08-14T00:45:00Z	8	3	min	fbc4cc15d16d8f96c3662f0c2cc34e5e	pending	PR#994	science2001	7170	base	-d	columnar	-C		10	123	none		7.8334366	3.15		15	3	0	13x5 base-vs-fix arm-for-arm for #994; interleaved min-of-3, OPENMP=0, load~8-9; all 65 codelengths identical; OO arms (untouched) spread -8.9%..+9.8% = this session noise floor
fix-994-worker-leaf-input	2026-08-14T00:45:00Z	8	3	min	f118fa124335ba367359729b19c96981	b8b95e31	PR#994	science2001	7170	base	-d	columnar	-C -F		10	123	none		7.8334366	3.01		15	3	0	13x5 base-vs-fix arm-for-arm for #994; interleaved min-of-3, OPENMP=0, load~8-9; all 65 codelengths identical; OO arms (untouched) spread -8.9%..+9.8% = this session noise floor [pre-fix arm]
fix-994-worker-leaf-input	2026-08-14T00:45:00Z	8	3	min	fbc4cc15d16d8f96c3662f0c2cc34e5e	pending	PR#994	science2001	7170	base	-d	columnar	-C -F		10	123	none		7.8334366	3.01		15	3	0	13x5 base-vs-fix arm-for-arm for #994; interleaved min-of-3, OPENMP=0, load~8-9; all 65 codelengths identical; OO arms (untouched) spread -8.9%..+9.8% = this session noise floor
fix-994-worker-leaf-input	2026-08-14T00:45:00Z	8	3	min	f118fa124335ba367359729b19c96981	b8b95e31	PR#994	science2001	7170	base	-d	OO	OO		10	123	none		7.83638921	8.90		11	4	0	13x5 base-vs-fix arm-for-arm for #994; interleaved min-of-3, OPENMP=0, load~8-9; all 65 codelengths identical; OO arms (untouched) spread -8.9%..+9.8% = this session noise floor [pre-fix arm]
fix-994-worker-leaf-input	2026-08-14T00:45:00Z	8	3	min	fbc4cc15d16d8f96c3662f0c2cc34e5e	pending	PR#994	science2001	7170	base	-d	OO	OO		10	123	none		7.83638921	8.11		11	4	0	13x5 base-vs-fix arm-for-arm for #994; interleaved min-of-3, OPENMP=0, load~8-9; all 65 codelengths identical; OO arms (untouched) spread -8.9%..+9.8% = this session noise floor
fix-994-worker-leaf-input	2026-08-14T00:45:00Z	8	3	min	f118fa124335ba367359729b19c96981	b8b95e31	PR#994	science2001-pref	7170	base	-d --preferred-number-of-modules 25	OO	-2		10	123	none		8.13096953	5.78		25	2	0	13x5 base-vs-fix arm-for-arm for #994; interleaved min-of-3, OPENMP=0, load~8-9; all 65 codelengths identical; OO arms (untouched) spread -8.9%..+9.8% = this session noise floor [pre-fix arm]
fix-994-worker-leaf-input	2026-08-14T00:45:00Z	8	3	min	fbc4cc15d16d8f96c3662f0c2cc34e5e	pending	PR#994	science2001-pref	7170	base	-d --preferred-number-of-modules 25	OO	-2		10	123	none		8.13096953	5.85		25	2	0	13x5 base-vs-fix arm-for-arm for #994; interleaved min-of-3, OPENMP=0, load~8-9; all 65 codelengths identical; OO arms (untouched) spread -8.9%..+9.8% = this session noise floor
fix-994-worker-leaf-input	2026-08-14T00:45:00Z	8	3	min	f118fa124335ba367359729b19c96981	b8b95e31	PR#994	science2001-pref	7170	base	-d --preferred-number-of-modules 25	columnar	-2 -C		10	123	none		8.23558553	3.10		25	2	0	13x5 base-vs-fix arm-for-arm for #994; interleaved min-of-3, OPENMP=0, load~8-9; all 65 codelengths identical; OO arms (untouched) spread -8.9%..+9.8% = this session noise floor [pre-fix arm]
fix-994-worker-leaf-input	2026-08-14T00:45:00Z	8	3	min	fbc4cc15d16d8f96c3662f0c2cc34e5e	pending	PR#994	science2001-pref	7170	base	-d --preferred-number-of-modules 25	columnar	-2 -C		10	123	none		8.23558553	3.26		25	2	0	13x5 base-vs-fix arm-for-arm for #994; interleaved min-of-3, OPENMP=0, load~8-9; all 65 codelengths identical; OO arms (untouched) spread -8.9%..+9.8% = this session noise floor
fix-994-worker-leaf-input	2026-08-14T00:45:00Z	8	3	min	f118fa124335ba367359729b19c96981	b8b95e31	PR#994	science2001-pref	7170	base	-d --preferred-number-of-modules 25	columnar	-C		10	123	none		8.23558553	3.29		25	2	0	13x5 base-vs-fix arm-for-arm for #994; interleaved min-of-3, OPENMP=0, load~8-9; all 65 codelengths identical; OO arms (untouched) spread -8.9%..+9.8% = this session noise floor [pre-fix arm]
fix-994-worker-leaf-input	2026-08-14T00:45:00Z	8	3	min	fbc4cc15d16d8f96c3662f0c2cc34e5e	pending	PR#994	science2001-pref	7170	base	-d --preferred-number-of-modules 25	columnar	-C		10	123	none		8.23558553	3.28		25	2	0	13x5 base-vs-fix arm-for-arm for #994; interleaved min-of-3, OPENMP=0, load~8-9; all 65 codelengths identical; OO arms (untouched) spread -8.9%..+9.8% = this session noise floor
fix-994-worker-leaf-input	2026-08-14T00:45:00Z	8	3	min	f118fa124335ba367359729b19c96981	b8b95e31	PR#994	science2001-pref	7170	base	-d --preferred-number-of-modules 25	columnar	-C -F		10	123	none		8.23558553	3.23		25	2	0	13x5 base-vs-fix arm-for-arm for #994; interleaved min-of-3, OPENMP=0, load~8-9; all 65 codelengths identical; OO arms (untouched) spread -8.9%..+9.8% = this session noise floor [pre-fix arm]
fix-994-worker-leaf-input	2026-08-14T00:45:00Z	8	3	min	fbc4cc15d16d8f96c3662f0c2cc34e5e	pending	PR#994	science2001-pref	7170	base	-d --preferred-number-of-modules 25	columnar	-C -F		10	123	none		8.23558553	3.21		25	2	0	13x5 base-vs-fix arm-for-arm for #994; interleaved min-of-3, OPENMP=0, load~8-9; all 65 codelengths identical; OO arms (untouched) spread -8.9%..+9.8% = this session noise floor
fix-994-worker-leaf-input	2026-08-14T00:45:00Z	8	3	min	f118fa124335ba367359729b19c96981	b8b95e31	PR#994	science2001-pref	7170	base	-d --preferred-number-of-modules 25	OO	OO		10	123	none		7.9403536	7.94		25	4	0	13x5 base-vs-fix arm-for-arm for #994; interleaved min-of-3, OPENMP=0, load~8-9; all 65 codelengths identical; OO arms (untouched) spread -8.9%..+9.8% = this session noise floor [pre-fix arm]
fix-994-worker-leaf-input	2026-08-14T00:45:00Z	8	3	min	fbc4cc15d16d8f96c3662f0c2cc34e5e	pending	PR#994	science2001-pref	7170	base	-d --preferred-number-of-modules 25	OO	OO		10	123	none		7.9403536	7.93		25	4	0	13x5 base-vs-fix arm-for-arm for #994; interleaved min-of-3, OPENMP=0, load~8-9; all 65 codelengths identical; OO arms (untouched) spread -8.9%..+9.8% = this session noise floor
fix-994-worker-leaf-input	2026-08-14T00:45:00Z	8	3	min	f118fa124335ba367359729b19c96981	b8b95e31	PR#994	web-NotreDame	325729	base	-d	OO	-2		10	123	none		6.74298853	44.46		11809	2	0	13x5 base-vs-fix arm-for-arm for #994; interleaved min-of-3, OPENMP=0, load~8-9; all 65 codelengths identical; OO arms (untouched) spread -8.9%..+9.8% = this session noise floor [pre-fix arm]
fix-994-worker-leaf-input	2026-08-14T00:45:00Z	8	3	min	fbc4cc15d16d8f96c3662f0c2cc34e5e	pending	PR#994	web-NotreDame	325729	base	-d	OO	-2		10	123	none		6.74298853	44.24		11809	2	0	13x5 base-vs-fix arm-for-arm for #994; interleaved min-of-3, OPENMP=0, load~8-9; all 65 codelengths identical; OO arms (untouched) spread -8.9%..+9.8% = this session noise floor
fix-994-worker-leaf-input	2026-08-14T00:45:00Z	8	3	min	f118fa124335ba367359729b19c96981	b8b95e31	PR#994	web-NotreDame	325729	base	-d	columnar	-2 -C		10	123	none		6.75421666	18.64		11991	2	0	13x5 base-vs-fix arm-for-arm for #994; interleaved min-of-3, OPENMP=0, load~8-9; all 65 codelengths identical; OO arms (untouched) spread -8.9%..+9.8% = this session noise floor [pre-fix arm]
fix-994-worker-leaf-input	2026-08-14T00:45:00Z	8	3	min	fbc4cc15d16d8f96c3662f0c2cc34e5e	pending	PR#994	web-NotreDame	325729	base	-d	columnar	-2 -C		10	123	none		6.75421666	18.59		11991	2	0	13x5 base-vs-fix arm-for-arm for #994; interleaved min-of-3, OPENMP=0, load~8-9; all 65 codelengths identical; OO arms (untouched) spread -8.9%..+9.8% = this session noise floor
fix-994-worker-leaf-input	2026-08-14T00:45:00Z	8	3	min	f118fa124335ba367359729b19c96981	b8b95e31	PR#994	web-NotreDame	325729	base	-d	columnar	-C		10	123	none		5.56852929	19.45		5	6	0	13x5 base-vs-fix arm-for-arm for #994; interleaved min-of-3, OPENMP=0, load~8-9; all 65 codelengths identical; OO arms (untouched) spread -8.9%..+9.8% = this session noise floor [pre-fix arm]
fix-994-worker-leaf-input	2026-08-14T00:45:00Z	8	3	min	fbc4cc15d16d8f96c3662f0c2cc34e5e	pending	PR#994	web-NotreDame	325729	base	-d	columnar	-C		10	123	none		5.56852929	19.64		5	6	0	13x5 base-vs-fix arm-for-arm for #994; interleaved min-of-3, OPENMP=0, load~8-9; all 65 codelengths identical; OO arms (untouched) spread -8.9%..+9.8% = this session noise floor
fix-994-worker-leaf-input	2026-08-14T00:45:00Z	8	3	min	f118fa124335ba367359729b19c96981	b8b95e31	PR#994	web-NotreDame	325729	base	-d	columnar	-C -F		10	123	none		5.62506198	14.86		2	5	0	13x5 base-vs-fix arm-for-arm for #994; interleaved min-of-3, OPENMP=0, load~8-9; all 65 codelengths identical; OO arms (untouched) spread -8.9%..+9.8% = this session noise floor [pre-fix arm]
fix-994-worker-leaf-input	2026-08-14T00:45:00Z	8	3	min	fbc4cc15d16d8f96c3662f0c2cc34e5e	pending	PR#994	web-NotreDame	325729	base	-d	columnar	-C -F		10	123	none		5.62506198	14.86		2	5	0	13x5 base-vs-fix arm-for-arm for #994; interleaved min-of-3, OPENMP=0, load~8-9; all 65 codelengths identical; OO arms (untouched) spread -8.9%..+9.8% = this session noise floor
fix-994-worker-leaf-input	2026-08-14T00:45:00Z	8	3	min	f118fa124335ba367359729b19c96981	b8b95e31	PR#994	web-NotreDame	325729	base	-d	OO	OO		10	123	none		5.56592477	161.27		17	13	0	13x5 base-vs-fix arm-for-arm for #994; interleaved min-of-3, OPENMP=0, load~8-9; all 65 codelengths identical; OO arms (untouched) spread -8.9%..+9.8% = this session noise floor [pre-fix arm]
fix-994-worker-leaf-input	2026-08-14T00:45:00Z	8	3	min	fbc4cc15d16d8f96c3662f0c2cc34e5e	pending	PR#994	web-NotreDame	325729	base	-d	OO	OO		10	123	none		5.56592477	148.65		17	13	0	13x5 base-vs-fix arm-for-arm for #994; interleaved min-of-3, OPENMP=0, load~8-9; all 65 codelengths identical; OO arms (untouched) spread -8.9%..+9.8% = this session noise floor
